年份,排名,财富,排名变化,个人信息,企业信息
2015,1,￥ 2200 亿,1,王健林家族先生  61,"万达
行业：房地产、文化"
2015,2,￥ 1450 亿,-1,马云家族先生  51,"阿里巴巴、蚂蚁金服
行业：电子商务、金融服务"
2015,3,￥ 1350 亿,0,宗庆后家族先生  70,"娃哈哈
行业：饮料"
2015,4,￥ 1200 亿,1,马化腾先生  44,"腾讯
行业：IT、娱乐"
2015,5,￥ 920 亿,5,雷军先生  46,"小米
行业：手机、投资"
2015,6,￥ 910 亿,1,严昊家族先生  29,"苏太华系
行业：基础建设"
2015,7,￥ 850 亿,-1,李彦宏、马东敏夫妇先生  47、女士  45,"百度
行业：搜索引擎"
2015,8,￥ 830 亿,16,卢志强家族先生  63,"泛海
行业：房地产、金融、投资"
2015,9,￥ 810 亿,2,张近东先生  52,"苏宁云商
行业：零售、房地产"
2015,10,￥ 650 亿,9,鲁冠球家族先生  70,"万向
行业：汽车制造业、房地产、农业"
2015,10,￥ 650 亿,-2,严彬先生  61,"华彬
行业：饮料、地产、投资"
2015,12,￥ 630 亿,-9,李河君先生  48,"汉能
行业：太阳能、水电"
2015,13,￥ 600 亿,3,何享健、何剑锋父子先生  73、先生  48,"美的
行业：家电制造"
2015,13,￥ 600 亿,2,许家印先生  57,"恒大
行业：房地产、投资"
2015,15,￥ 550 亿,-1,王文银、刘结红夫妇先生  47、女士  未知,"正威
行业：有色金属、半导体"
2015,16,￥ 510 亿,7,丁磊先生  44,"网易
行业：IT、娱乐"
2015,17,￥ 500 亿,15,郭广昌先生  48,"复星
行业：投资、钢铁、医药"
2015,17,￥ 500 亿,New ~,周群飞、郑俊龙夫妇女士  45、先生  43,"蓝思科技
行业：电子器件制造"
2015,19,￥ 495 亿,-2,陈丽华女士  74,"富华
行业：房地产、紫檀博物馆"
2015,20,￥ 485 亿,-9,张士平家族先生  未知,"魏桥创业
行业：纺织、铝业"
2015,21,￥ 480 亿,102,郑跃文先生  53,"科瑞
行业：生物制药、投资"
2015,21,￥ 480 亿,19,王文学先生  48,"华夏幸福
行业：房地产"
2015,21,￥ 480 亿,91,王靖先生  未知,"信威
行业：无线通信"
2015,24,￥ 460 亿,8,周建平家族先生  54,"海澜
行业：服装、投资"
2015,25,￥ 450 亿,5,刘永好家族先生  64,"新希望
行业：农业、化工、金融"
2015,25,￥ 450 亿,13,孙广信先生  53,"广汇
行业：汽车销售、能源、房地产"
2015,25,￥ 450 亿,26,贾跃亭先生  42,"乐视
行业：IT"
2015,28,￥ 445 亿,-19,刘强东先生  41,"京东
行业：电子商务"
2015,29,￥ 420 亿,-9,刘永行家族先生  67,"东方希望
行业：氧化铝、重化工、饲料"
2015,30,￥ 405 亿,-19,杨惠妍女士  34,"碧桂园
行业：房地产"
2015,31,￥ 395 亿,-10,张志东先生  43,"腾讯
行业：IT、娱乐"
2015,32,￥ 390 亿,-10,魏建军、韩雪娟夫妇先生  51、女士  49,"长城
行业：汽车"
2015,33,￥ 380 亿,3,史玉柱家族先生  53,"巨人
行业：金融、在线游戏、投资"
2015,33,￥ 380 亿,-9,李金元先生  57,"天狮
行业：保健品"
2015,33,￥ 380 亿,-4,梁稳根先生  59,"三一
行业：重型机械"
2015,36,￥ 375 亿,-8,王传福先生  49,"比亚迪
行业：汽车、手机零部件、充电电池"
2015,37,￥ 370 亿,206,王广西、郭天舒夫妇先生  46、女士  未知,"永泰
行业：能源"
2015,37,￥ 370 亿,24,袁亚非先生  51,"三胞
行业：IT连锁、房地产、投资"
2015,37,￥ 370 亿,0,黄伟、李萍夫妇先生  56、女士  未知,"新湖
行业：房地产、金融"
2015,40,￥ 360 亿,34,方威先生  42,"方大
行业：碳素、钢铁、煤焦"
2015,41,￥ 350 亿,-24,许荣茂家族先生  65,"世茂
行业：房地产"
2015,42,￥ 345 亿,-16,吕向阳、张长虹夫妇先生  52、女士  54,"融捷投资
行业：投资"
2015,43,￥ 340 亿,35,林秀成、林志强父子先生  60、先生  41,"三安
行业：LED"
2015,44,￥ 330 亿,39,于泳先生  未知,"鸿商产业
行业：钼矿"
2015,45,￥ 320 亿,-19,祝义财、吴学琴夫妇先生  51、女士  未知,"雨润
行业：食品、房地产、零售"
2015,45,￥ 320 亿,-2,龚虹嘉、陈春梅夫妇先生  50、女士  50,"海康威视
行业：视频监控产品"
2015,47,￥ 310 亿,43,马兴田家族先生  46,"康美药业
行业：医药"
2015,48,￥ 305 亿,91,杜江涛、郝虹夫妇先生  46、女士  未知,"君正
行业：煤电、金融投资"
2015,49,￥ 300 亿,29,车建兴先生  49,"红星美凯龙
行业：家具连锁"
2015,49,￥ 300 亿,-17,王玉锁、赵宝菊夫妇先生  51、女士  50,"新奥
行业：天然气、能源化工"
2015,49,￥ 300 亿,-1,朱孟依家族先生  56,"合生创展
行业：房地产、投资"
2015,49,￥ 300 亿,-1,陈建华、范红卫夫妇先生  44、女士  48,"恒力
行业：化纤、石化、房地产"
2015,53,￥ 290 亿,354,其实家族先生  45,"东方财富
行业：信息服务"
2015,53,￥ 290 亿,479,周国辉先生  50,"怡亚通
行业：供应链管理"
2015,55,￥ 280 亿,57,李仲初、焦梅荣夫妇先生  52、女士  未知,"石基
行业：信息技术"
2015,55,￥ 280 亿,-4,魏少军家族先生  52,"隆基泰和
行业：房地产、新能源"
2015,57,￥ 275 亿,0,邱光和家族先生  64,"森马
行业：服装"
2015,57,￥ 275 亿,66,耿建明、杨小青夫妇先生  53、女士  未知,"荣盛
行业：房地产"
2015,57,￥ 275 亿,-10,陈发树先生  54,"新华都
行业：零售、矿、投资"
2015,60,￥ 270 亿,-25,吴亚军家族女士  51,"龙湖
行业：房地产"
2015,60,￥ 270 亿,347,王均金家族先生  47,"均瑶
行业：房地产、航空、零售"
2015,62,￥ 265 亿,68,周成建家族先生  50,"美特斯邦威
行业：服装"
2015,62,￥ 265 亿,21,庞康先生  59,"海天味业
行业：食品"
2015,62,￥ 265 亿,-32,张茵女士  58,"玖龙纸业
行业：环保"
2015,65,￥ 260 亿,296,周晓光、虞云新夫妇先生  53、女士  未知,"新光控股
行业：饰品、房地产、投资"
2015,65,￥ 260 亿,184,苏卫忠先生  47,"华信石油
行业：石油、化工"
2015,65,￥ 260 亿,74,孙喜双先生  62,"一方
行业：房地产、投资"
2015,65,￥ 260 亿,99,王文京先生  51,"用友
行业：软件"
2015,69,￥ 255 亿,-30,姜滨、胡双美夫妇先生  49、女士  49,"歌尔声学
行业：声学及多媒体产品"
2015,70,￥ 250 亿,30,蔡东青家族先生  46,"奥飞动漫
行业：动漫"
2015,70,￥ 250 亿,489,刘晓东先生  48,"百润
行业：香料、酒业"
2015,70,￥ 250 亿,20,罗韶宇、赵洁红夫妇先生  未知、女士  未知,"东银
行业：房地产、特种车辆、投资"
2015,70,￥ 250 亿,139,黄其森、叶荔夫妇先生  50、女士  未知,"泰禾
行业：房地产"
2015,74,￥ 245 亿,86,熊续强先生  未知,"银亿
行业：房地产、矿业、投资"
2015,75,￥ 240 亿,-24,肖建华、周虹文家族先生  44、女士  45,"明天
行业：金融、投资"
2015,75,￥ 240 亿,484,李勇先生  未知,"华信石油
行业：石油、化工"
2015,75,￥ 240 亿,-1,叶澄海、廖清清夫妇先生  72、女士  66,"信立泰
行业：医药"
2015,75,￥ 240 亿,-32,姜照柏先生  52,"鹏欣
行业：乳业、房地产、投资"
2015,79,￥ 235 亿,-36,李书福、李星星父子先生  52、先生  30,"吉利控股
行业：汽车制造"
2015,79,￥ 235 亿,68,王文彪先生  56,"亿利资源
行业：生态修复、光伏、投资"
2015,79,￥ 235 亿,4,冯海良先生  55,"海亮
行业：铜加工、投资"
2015,79,￥ 235 亿,60,王长田、杜英莲夫妇先生  50、女士  未知,"光线
行业：影视娱乐"
2015,83,￥ 230 亿,56,何巧女、唐凯夫妇先生  49、女士  45,"东方园林
行业：园林"
2015,83,￥ 230 亿,64,傅军先生  58,"新华联
行业：矿业、房地产、投资"
2015,83,￥ 230 亿,17,孙飘扬、钟慧娟夫妇先生  57、女士  54,"恒瑞制药、豪森制药
行业：医药"
2015,83,￥ 230 亿,-43,黄如论先生  64,"世纪金源
行业：房地产"
2015,87,￥ 220 亿,-36,黄光裕家族先生  46,"国美
行业：家电零售、房地产"
2015,87,￥ 220 亿,13,沈文荣先生  69,"沙钢
行业：钢铁"
2015,87,￥ 220 亿,25,马建荣家族先生  50,"申洲针织
行业：纺织、服装"
2015,87,￥ 220 亿,New ~,汪滔先生  35,"大疆创新
行业：无人飞机"
2015,91,￥ 215 亿,9,傅利泉、陈爱玲夫妇先生  48、女士  48,"大华技术
行业：软件开发、电子及通讯产品"
2015,92,￥ 210 亿,68,姜伟家族先生  54,"贵州百灵
行业：医药"
2015,92,￥ 210 亿,653,柯尊洪家族先生  61,"康弘药业
行业：制药"
2015,92,￥ 210 亿,85,帅放文、曹再云夫妇先生  48、女士  49,"尔康制药
行业：医药"
2015,92,￥ 210 亿,-24,林亿先生  未知,"升龙
行业：房地产"
2015,92,￥ 210 亿,-2,缪寿良先生  60,"富源
行业：房地产、水电、新能源"
2015,92,￥ 210 亿,8,薛向东家族先生  56,"东华
行业：软件"
2015,98,￥ 205 亿,90,秦英林、钱瑛夫妇先生  50、女士  49,"牧原
行业：畜牧"
2015,98,￥ 205 亿,14,欧宗荣先生  51,"正荣
行业：房地产"
2015,98,￥ 205 亿,151,张桂平、张康黎父子先生  64、先生  34,"苏宁环球
行业：房地产、投资"
2015,101,￥ 200 亿,-58,潘政民、吴春媛夫妇先生  48、女士  未知,"瑞声科技
行业：声学科技"
2015,101,￥ 200 亿,11,阙文彬先生  52,"恒康
行业：生物制药、矿业"
2015,101,￥ 200 亿,New ~,周亚辉、李琼夫妇先生  38、先生  38,"昆仑万维
行业：IT"
2015,101,￥ 200 亿,-1,陈金霞女士  47,"涌金投资
行业：医药、投资"
2015,101,￥ 200 亿,747,罗玉平先生  49,"中天城投
行业：房地产"
2015,101,￥ 200 亿,-40,沈国军先生  53,"银泰
行业：零售、房地产"
2015,107,￥ 195 亿,-67,潘石屹、张欣夫妇先生  52、女士  50,"SOHO中国
行业：房地产"
2015,108,￥ 190 亿,39,李水荣先生  59,"荣盛控股
行业：化纤"
2015,108,￥ 190 亿,-40,陈天桥、雒芊芊夫妇先生  42、女士  未知,"盛大
行业：投资、在线游戏"
2015,108,￥ 190 亿,58,梁信军先生  47,"复星
行业：投资"
2015,108,￥ 190 亿,-47,孙寿宽家族先生  66,"嘉晨
行业：耐火材料、煤化工"
2015,108,￥ 190 亿,216,林天福先生  53,"贵人鸟
行业：运动服装、鞋"
2015,108,￥ 190 亿,-50,杜双华先生  50,"日照钢铁
行业：钢铁"
2015,108,￥ 190 亿,15,孙纪木、孙翔父子先生  59、先生  33,"新华冶金
行业：钢铁"
2015,108,￥ 190 亿,299,刘绍喜家族先生  52,"宜华
行业：木业、健康、投资"
2015,116,￥ 185 亿,-43,杜厦家族先生  68,"太平洋联盟
行业：高尔夫、私募基金"
2015,116,￥ 185 亿,-4,梁庆德先生  78,"格兰仕
行业：家电"
2015,116,￥ 185 亿,14,徐镜人先生  71,"扬子江药业
行业：医药"
2015,116,￥ 185 亿,-55,张志祥先生  48,"建龙
行业：钢铁、矿业、船运"
2015,120,￥ 180 亿,-8,朱兴良家族先生  56,"金螳螂
行业：建筑"
2015,120,￥ 180 亿,162,张长虹先生  57,"大智慧
行业：数据服务"
2015,120,￥ 180 亿,New ~,庄敏先生  47,"保千里
行业：电子安防"
2015,120,￥ 180 亿,-20,刘益谦先生  52,"新理益
行业：投资"
2015,120,￥ 180 亿,1036,吴刚先生  38,"九鼎
行业：投资"
2015,120,￥ 180 亿,46,昝圣达先生  52,"综艺
行业：新能源、信息科技、投资"
2015,120,￥ 180 亿,-37,李锂、李坦夫妇先生  51、女士  51,"海普瑞
行业：医药"
2015,120,￥ 180 亿,-37,赵步长、赵涛父子先生  49、先生  49,"步长
行业：医药"
2015,120,￥ 180 亿,-30,朱共山先生  57,"保利协鑫
行业：太阳能芯片、发电厂"
2015,129,￥ 175 亿,New ~,倪祖根家族先生  58,"莱克电气
行业：电机设备"
2015,129,￥ 175 亿,-71,施文博先生  65,"恒安
行业：个人护理用品"
2015,129,￥ 175 亿,-71,蔡奎家族先生  54,"龙湖
行业：房地产"
2015,129,￥ 175 亿,-78,陈卓林家族先生  53,"雅居乐
行业：房地产"
2015,133,￥ 170 亿,17,张磊先生  43,"高瓴资本
行业：投资"
2015,133,￥ 170 亿,149,安康家族先生  66,"华兰生物
行业：生物制药"
2015,133,￥ 170 亿,76,黄立家族先生  52,"高德电气
行业：电子制造"
2015,133,￥ 170 亿,-65,张宏伟先生  61,"东方
行业：能源、零售"
2015,133,￥ 170 亿,-33,文一波、张辉明夫妇先生  50、女士  未知,"桑德
行业：环保产业"
2015,133,￥ 170 亿,1023,高天国先生  64,"国之杰
行业：投资"
2015,133,￥ 170 亿,73,陈邦先生  50,"爱尔眼科
行业：医疗服务"
2015,133,￥ 170 亿,180,贺正刚先生  61,"和邦股份
行业：矿产、化工"
2015,133,￥ 170 亿,-72,许连捷先生  62,"恒安
行业：个人护理用品"
2015,133,￥ 170 亿,-55,邵仲毅先生  47,"晨曦
行业：石化、粮油加工"
2015,133,￥ 170 亿,-59,郭文贵家族先生  49,"政泉
行业：房地产、投资"
2015,133,￥ 170 亿,-33,黄茂如、张静夫妇先生  50、女士  未知,"茂业
行业：房地产"
2015,145,￥ 165 亿,-55,刘汉元、管亚梅夫妇先生  51、女士  未知,"通威
行业：农业、新能源"
2015,145,￥ 165 亿,New ~,涂国身先生  50,"中恒汇志投资
行业：投资"
2015,145,￥ 165 亿,245,曾浩、余欣夫妇先生  44、女士  34,"雷柏科技
行业：鼠标"
2015,145,￥ 165 亿,-84,薛光林先生  48,"光汇石油
行业：石油开采、石油贸易"
2015,145,￥ 165 亿,21,欧宗洪、许丽香夫妇先生  44、女士  未知,"融信
行业：房地产"
2015,150,￥ 160 亿,-67,宋作文家族先生  68,"南山
行业：铝业、服装、投资"
2015,150,￥ 160 亿,440,马鸿、黄晓旋夫妇先生  48、女士  未知,"搜于特
行业：服装"
2015,150,￥ 160 亿,-3,楼忠福家族先生  未知,"广厦
行业：建筑、房地产"
2015,150,￥ 160 亿,114,喻会蛟、张小娟夫妇先生  49、女士  46,"圆通速递
行业：快递"
2015,150,￥ 160 亿,-11,陈鸿道先生  未知,"加多宝
行业：饮料"
2015,150,￥ 160 亿,27,谢世煌先生  45,"阿里巴巴、蚂蚁金服
行业：电子商务、金融服务"
2015,150,￥ 160 亿,-72,陈红天、姚丽妮夫妇先生  56、女士  未知,"祥祺
行业：投资、房地产"
2015,150,￥ 160 亿,76,陈荣家族先生  55,"上海中路
行业：投资、保龄球"
2015,150,￥ 160 亿,-20,曹龙祥家族先生  58,"济川控股
行业：医药"
2015,150,￥ 160 亿,-3,尹明善先生  77,"力帆
行业：摩托车、汽车、投资"
2015,150,￥ 160 亿,-38,谢炳、郑翔玲夫妇先生  63、女士  未知,"中国生物
行业：医药"
2015,150,￥ 160 亿,-27,钭正刚先生  62,"锦江
行业：能源、化工"
2015,162,￥ 155 亿,New ~,孙清焕先生  42,"木林森
行业：LED封装及应用系列产品"
2015,162,￥ 155 亿,15,涂建华先生  52,"隆鑫控股
行业：摩托车、房地产"
2015,162,￥ 155 亿,385,方同华家族先生  52,"珍宝岛药业
行业：医药"
2015,162,￥ 155 亿,47,潘伟明先生  51,"福晟
行业：房地产、建筑"
2015,162,￥ 155 亿,4,傅梅城先生  58,"华策影视
行业：影视传媒"
2015,167,￥ 150 亿,-55,张中能、郭梅兰夫妇先生  59、女士  未知,"东阳光
行业：铝业、医药、能源电力"
2015,167,￥ 150 亿,-77,徐宇、李珊瑚夫妇先生  43、女士  未知,"赫基国际
行业：服装"
2015,167,￥ 150 亿,35,丁欣欣、张杏娟夫妇先生  57、女士  52,"亚厦
行业：建筑装饰"
2015,167,￥ 150 亿,-1,崔根良、崔巍父子先生  57、先生  30,"亨通
行业：电缆、热能电力、投资"
2015,167,￥ 150 亿,-20,江南春先生  42,"分众传媒
行业：数字新媒体、投资"
2015,167,￥ 150 亿,194,田明先生  62,"美亚光电
行业：专用设备制造业"
2015,167,￥ 150 亿,-37,解直锟家族先生  54,"中植
行业：金融、投资"
2015,167,￥ 150 亿,-7,吴光明、吴群父子先生  53、先生  27,"鱼跃医疗
行业：医疗设备"
2015,167,￥ 150 亿,59,朱保国家族先生  53,"健康元
行业：医药"
2015,167,￥ 150 亿,-44,蒋仁生家族先生  62,"智飞生物
行业：疫苗"
2015,177,￥ 145 亿,130,李如成先生  64,"雅戈尔
行业：服装、房地产、投资"
2015,177,￥ 145 亿,-87,倪召兴家族先生  59,"中融
行业：文化、房地产、能源、投资"
2015,177,￥ 145 亿,-77,林立先生  52,"立业
行业：金融、投资"
2015,177,￥ 145 亿,-105,朱林瑶女士  45,"华宝国际
行业：香精、香料"
2015,177,￥ 145 亿,-54,梁允超家族先生  46,"汤成倍健
行业：保健品"
2015,177,￥ 145 亿,230,王麒诚、吴艳夫妇先生  35、女士  34,"汉鼎宇佑
行业：数字城市、移动互联、文化传媒、金融控股、资产管理"
2015,177,￥ 145 亿,72,蒲忠杰、张月娥夫妇先生  52、女士  52,"乐普
行业：医疗设备"
2015,177,￥ 145 亿,11,刘宝林先生  62,"九州通
行业：医药流通"
2015,177,￥ 145 亿,-54,杨铿先生  53,"蓝光
行业：房地产"
2015,177,￥ 145 亿,0,戴永革家族先生  47,"人和商业
行业：商业地产、农业"
2015,177,￥ 145 亿,130,黄巧灵家族先生  57,"宋城
行业：旅游、房地产"
2015,188,￥ 140 亿,-11,周耀庭家族先生  72,"红豆
行业：服装、橡胶轮胎、房地产"
2015,188,￥ 140 亿,660,黎福超先生  57,"桂林福达
行业：汽车零部件"
2015,188,￥ 140 亿,93,吴良定家族女士  69,"中宝
行业：汽车零部件制造"
2015,188,￥ 140 亿,21,阮水龙家族先生  80,"龙盛
行业：化工、钢铁"
2015,188,￥ 140 亿,21,霍庆华家族先生  54,"庆华
行业：煤焦"
2015,188,￥ 140 亿,-41,杨凯先生  未知,"辉山乳业
行业：乳制品"
2015,188,￥ 140 亿,38,王中军先生  55,"华谊
行业：影视娱乐"
2015,188,￥ 140 亿,New ~,葛卫东先生  46,"混沌投资
行业：投资"
2015,188,￥ 140 亿,New ~,徐翔家族先生  37,"泽熙
行业：投资"
2015,188,￥ 140 亿,-22,李义海先生  52,"济民可信
行业：医药"
2015,188,￥ 140 亿,21,林建华、张虹夫妇先生  53、女士  55,"福斯特
行业：光伏材料"
2015,188,￥ 140 亿,359,周奕丰先生  46,"鸿达兴业
行业：塑料化工生产、电子商务、资源开发机加工"
2015,188,￥ 140 亿,-41,缪汉根先生  50,"盛虹
行业：印染、化纤、房地产"
2015,188,￥ 140 亿,-41,李华家族先生  49,"卓越
行业：房地产"
2015,188,￥ 140 亿,-58,李辙先生  60,"山水文园
行业：房地产"
2015,188,￥ 140 亿,219,戚金兴、戚加奇父子先生  53、先生  27,"滨江
行业：房地产"
2015,188,￥ 140 亿,0,刘志强、翟美卿夫妇先生  51、女士  51,"香江
行业：房地产、金融"
2015,188,￥ 140 亿,-76,周泽荣先生  61,"侨鑫
行业：房地产、投资"
2015,206,￥ 135 亿,512,徐冠巨先生  54,"传化
行业：化工、农业、投资"
2015,206,￥ 135 亿,1,曹克坚先生  53,"开山控股
行业：压缩机"
2015,206,￥ 135 亿,400,金绍平家族先生  56,"金龙控股
行业：电子"
2015,206,￥ 135 亿,950,黄晓捷先生  37,"九鼎
行业：投资"
2015,206,￥ 135 亿,-116,车冯升先生  53,"四环医药
行业：医药"
2015,206,￥ 135 亿,-40,王俊民先生  47,"海思科
行业：医药"
2015,206,￥ 135 亿,20,修涞贵、李艳华夫妇先生  60、女士  57,"修正药业
行业：医药"
2015,206,￥ 135 亿,-94,黄世再家族先生  64,"大中华国际
行业：房地产"
2015,206,￥ 135 亿,-116,黄文仔先生  62,"星河湾
行业：房地产、投资"
2015,206,￥ 135 亿,84,王永红先生  43,"中弘
行业：房地产、投资"
2015,206,￥ 135 亿,42,阎志先生  43,"卓尔
行业：房地产、投资"
2015,206,￥ 135 亿,New ~,易峥先生  45,"同花顺
行业：软件"
2015,206,￥ 135 亿,700,黄壮勉先生  45,"飞马国际
行业：仓储物流"
2015,206,￥ 135 亿,236,冯焕培、范朝霞夫妇先生  49、女士  未知,"京运通
行业：太阳能"
2015,220,￥ 130 亿,New ~,王正华、王煜父子先生  71、先生  45,"春秋航空
行业：航空"
2015,220,￥ 130 亿,251,张德生先生  66,"万马电线电缆
行业：电缆、房地产、医药"
2015,220,￥ 130 亿,-90,王文良先生  61,"日林实业
行业：物流、建筑"
2015,220,￥ 130 亿,181,鲁楚平、彭惠夫妇先生  50、女士  47,"大洋电机
行业：微特电机生产"
2015,220,￥ 130 亿,6,左宗申家族先生  62,"宗申
行业：摩托车、房地产"
2015,220,￥ 130 亿,-18,朱吉满、白莉惠夫妇先生  51、女士  50,"誉衡药业
行业：医药"
2015,220,￥ 130 亿,-32,林定强先生  49,"金辉
行业：房地产"
2015,220,￥ 130 亿,-159,郑建明先生  未知,"顺风光电
行业：太阳能、造船、房地产"
2015,220,￥ 130 亿,New ~,单祥双先生  48,"中科招商
行业：投资"
2015,220,￥ 130 亿,85,周云杰先生  54,"奥瑞金
行业：包装"
2015,220,￥ 130 亿,4,文剑平先生  53,"碧水源
行业：污水处理"
2015,231,￥ 125 亿,240,邬建树先生  51,"拓普
行业：汽车零部件制造"
2015,231,￥ 125 亿,-29,柳长庆家族先生  63,"聚龙股份
行业：金融自动化设备"
2015,231,￥ 125 亿,-65,南存辉先生  52,"正泰
行业：工业电器、投资"
2015,231,￥ 125 亿,744,耿殿根先生  59,"光环新网
行业：互联网综合服务"
2015,231,￥ 125 亿,-84,沈南鹏先生  48,"红杉
行业：投资"
2015,231,￥ 125 亿,82,姚振华先生  45,"宝能
行业：投资、房地产"
2015,231,￥ 125 亿,32,姚新义先生  51,"盾安控股
行业：制造业、能源"
2015,231,￥ 125 亿,59,刘建民、王爱琴夫妇先生  62、女士  52,"建新
行业：有色金属"
2015,231,￥ 125 亿,644,周一峰家族女士  未知,"东华能源
行业：石油化工"
2015,231,￥ 125 亿,414,陈劲松、佟捷夫妇先生  51、女士  53,"世联行
行业：房地产服务"
2015,231,￥ 125 亿,18,俞培俤家族先生  55,"东福实业
行业：房地产"
2015,231,￥ 125 亿,New ~,卜扬女士  42,"苏宁云商
行业：家电零售、房地产"
2015,243,￥ 120 亿,-96,邵根伙先生  50,"大北农
行业：饲料、种业"
2015,243,￥ 120 亿,New ~,俞龙生家族先生  55,"龙生股份
行业：汽车零部件"
2015,243,￥ 120 亿,402,吴绪顺家族先生  67,"顺荣股份
行业：汽车制造业、游戏"
2015,243,￥ 120 亿,131,万永兴先生  44,"瑞茂通
行业：煤炭供应链管理"
2015,243,￥ 120 亿,-34,王来春女士  48,"立讯精密
行业：电脑连接线"
2015,243,￥ 120 亿,-34,王来胜先生  51,"立讯精密
行业：电脑连接线"
2015,243,￥ 120 亿,502,王友林家族先生  52,"康力电梯
行业：电梯"
2015,243,￥ 120 亿,-175,刘忠田先生  51,"忠旺
行业：铝型材"
2015,243,￥ 120 亿,-34,张大中先生  67,"大中
行业：投资"
2015,243,￥ 120 亿,39,雷菊芳女士  62,"奇正藏药
行业：医药"
2015,243,￥ 120 亿,-56,黄联禧、左笑萍夫妇先生  52、女士  42,"联塑
行业：塑料管道及管件"
2015,243,￥ 120 亿,-17,纪海鹏家族先生  48,"龙光地产
行业：房地产"
2015,243,￥ 120 亿,-105,朱志平先生  53,"同方联合控股
行业：房地产"
2015,243,￥ 120 亿,-169,张力、张量父子先生  62、先生  33,"富力地产
行业：房地产、矿业"
2015,243,￥ 120 亿,-36,黄泽兰先生  60,"章源钨业
行业：钨矿"
2015,243,￥ 120 亿,304,敖小强先生  51,"雪迪龙
行业：仪器仪表"
2015,243,￥ 120 亿,199,徐子泉、康宁夫妇先生  57、女士  未知,"捷成
行业：信息技术"
2015,243,￥ 120 亿,81,黄红云、陶虹遐夫妇先生  49、女士  42,"金科
行业：房地产"
2015,243,￥ 120 亿,115,张章笋先生  58,"国瑞置业
行业：房地产"
2015,262,￥ 115 亿,209,陈建成、陈嫣妮父女先生  56、女士  33,"卧龙控股
行业：电气设备、房地产"
2015,262,￥ 115 亿,145,万连步家族先生  52,"金正大
行业：化肥"
2015,262,￥ 115 亿,-96,黄曦家族先生  未知,"福信
行业：金融、房地产"
2015,262,￥ 115 亿,-115,许世辉家族先生  58,"达利食品
行业：食品"
2015,262,￥ 115 亿,-4,梁光伟先生  52,"华强
行业：电子信息高端服务、文化科技、房地产"
2015,262,￥ 115 亿,-36,杨志茂、朱凤廉夫妇先生  52、女士  未知,"新世纪科教拓展
行业：投资"
2015,262,￥ 115 亿,2,姚新泉先生  48,"盾安控股
行业：制造业、能源"
2015,262,￥ 115 亿,-13,臧建军先生  41,"华信石油
行业：石油、化工"
2015,262,￥ 115 亿,672,陈大魁家族先生  64,"浙江众成
行业：包装材料"
2015,262,￥ 115 亿,New ~,李缜家族先生  51,"安徽国轩
行业：房地产、影视、电池"
2015,262,￥ 115 亿,20,虞松波先生  未知,"和润
行业：房地产、船舶制造及运输"
2015,262,￥ 115 亿,51,张轩松先生  44,"永辉
行业：超市零售"
2015,262,￥ 115 亿,-115,吴以岭家族先生  66,"以岭
行业：医药"
2015,262,￥ 115 亿,43,李文斌家族先生  40,"俊发
行业：房地产"
2015,276,￥ 112 亿,-50,丁世忠先生  45,"安踏
行业：体育用品"
2015,277,￥ 110 亿,-34,傅光明家族先生  61,"圣农
行业：农业"
2015,277,￥ 110 亿,270,肖奋先生  53,"奋达科技
行业：音频技术、电声产品"
2015,277,￥ 110 亿,-138,沈亚先生  44,"唯品会
行业：B2C在线零售"
2015,277,￥ 110 亿,598,徐观宝先生  58,"传化
行业：化工、农业、投资"
2015,277,￥ 110 亿,-229,魏奇、魏潇父女先生  未知、女士  未知,"天合化工
行业：化工"
2015,277,￥ 110 亿,788,韩涛先生  55,"金安国际
行业：电子材料"
2015,277,￥ 110 亿,130,郑坚江、何意菊夫妇先生  54、女士  未知,"奥克斯
行业：家电、房地产"
2015,277,￥ 110 亿,200,郑效东先生  51,"东富龙
行业：医疗设备"
2015,277,￥ 110 亿,97,袁富根家族先生  65,"东山精密
行业：精密铸件"
2015,277,￥ 110 亿,-28,黄炳文家族先生  61,"东风股份
行业：印刷"
2015,277,￥ 110 亿,47,王振滔、王晨父子先生  50、先生  未知,"奥康
行业：鞋业、地产"
2015,277,￥ 110 亿,-100,孙伟杰先生  52,"杰瑞石油服务
行业：石油专用设备"
2015,289,￥ 108 亿,-46,丁世家先生  51,"安踏
行业：体育用品"
2015,290,￥ 105 亿,-160,孙尚传、刘伟夫妇先生  52、女士  未知,"大富科技
行业：通信设备制造"
2015,290,￥ 105 亿,-48,顾伟先生  50,"兆驰股份
行业：数码"
2015,290,￥ 105 亿,New ~,李国祥先生  56,"硅谷天堂
行业：投资"
2015,290,￥ 105 亿,New ~,王林江先生  48,"硅谷天堂
行业：投资"
2015,290,￥ 105 亿,644,胡钢先生  57,"新大陆
行业：IT"
2015,290,￥ 105 亿,-81,刘沧龙先生  未知,"宏达
行业：冶金、化工、房地产"
2015,290,￥ 105 亿,169,王海鹏先生  54,"美盈森
行业：包装产品"
2015,290,￥ 105 亿,-88,朱文臣先生  未知,"辅仁
行业：医药、白酒"
2015,290,￥ 105 亿,-2,黄敏利、许慧卿夫妇先生  50、女士  51,"敏华控股
行业：休闲沙发"
2015,290,￥ 105 亿,0,邓伟先生  52,"亿阳
行业：通信、能源、投资"
2015,290,￥ 105 亿,New ~,陈炽昌、林小雅夫妇先生  44、女士  43,"全通教育
行业：教育软件开发"
2015,290,￥ 105 亿,0,仇建平、王玲玲夫妇先生  53、女士  54,"巨星科技
行业：工具制造"
2015,290,￥ 105 亿,111,张秀根、张宏亮父子先生  未知、先生  未知,"华泰
行业：汽车制造、投资"
2015,290,￥ 105 亿,316,王佳、严立夫妇先生  46、女士  47,"启明星辰
行业：网络安全"
2015,290,￥ 105 亿,0,胡凯军先生  53,"远大
行业：医药"
2015,305,￥ 100 亿,69,刘国本先生  71,"骆驼股份
行业：蓄电池"
2015,305,￥ 100 亿,102,沈小平家族先生  52,"通鼎
行业：电缆"
2015,305,￥ 100 亿,-128,周福仁先生  64,"西洋
行业：复合肥、矿产、耐火材料"
2015,305,￥ 100 亿,851,周立武、韩肖芳夫妇先生  52、女士  50,"兴源过滤
行业：水处理设备"
2015,305,￥ 100 亿,-205,张峻先生  未知,"富德
行业：金融、房地产"
2015,305,￥ 100 亿,69,程雪女士  45,"海天味业
行业：食品"
2015,305,￥ 100 亿,-62,曹德旺先生  69,"福耀玻璃
行业：玻璃"
2015,305,￥ 100 亿,New ~,张劲先生  44,"君华
行业：投资、房地产、汽车"
2015,305,￥ 100 亿,New ~,吴强先生  35,"九鼎
行业：投资"
2015,305,￥ 100 亿,-41,虞锋先生  52,"云峰基金
行业：投资"
2015,305,￥ 100 亿,-254,荣智健先生  73,"中信泰富
行业：投资、房地产"
2015,305,￥ 100 亿,New ~,沈汉标、王妙玉夫妇先生  43、女士  39,"好莱客
行业：木制家具制造"
2015,305,￥ 100 亿,172,阮鸿献、刘琼夫妇先生  49、先生  50,"鸿翔一心堂药业
行业：医药"
2015,305,￥ 100 亿,-41,李非列先生  49,"飞尚
行业：钢铁、矿产、能源"
2015,305,￥ 100 亿,-117,黄绍武先生  45,"神州通
行业：手机分销、物流、房地产"
2015,305,￥ 100 亿,-145,林刚先生  51,"康哲药业
行业：医药"
2015,305,￥ 100 亿,-79,陈华先生  49,"京基
行业：房地产"
2015,305,￥ 100 亿,-41,董现君先生  52,"华厦融创
行业：房地产"
2015,305,￥ 100 亿,-215,黄怒波先生  59,"中坤
行业：房地产"
2015,305,￥ 100 亿,-210,孙宏斌先生  52,"融创
行业：房地产"
2015,305,￥ 100 亿,-117,叶立培家族先生  71,"仲盛
行业：房地产"
2015,305,￥ 100 亿,-159,钟声坚先生  57,"仁恒
行业：房地产"
2015,305,￥ 100 亿,-96,黄楚龙先生  56,"星河
行业：房地产、投资"
2015,305,￥ 100 亿,254,徐建刚、徐飞君夫妇先生  47、女士  未知,"刚泰
行业：房地产、矿"
2015,305,￥ 100 亿,-222,周鸿祎先生  45,"奇虎360
行业：软件"
2015,305,￥ 100 亿,New ~,潘琦先生  52,"银河天成
行业：输配电及控制设备、生物"
2015,305,￥ 100 亿,-118,王清涛先生  53,"山东焦化
行业：煤焦"
2015,305,￥ 100 亿,460,赵兴龙家族先生  60,"兴龙实业
行业：工艺品"
2015,305,￥ 100 亿,64,景百孚先生  45,"昂展
行业：房地产"
2015,334,￥ 98 亿,328,补建先生  51,"三泰电子
行业：软件、电子"
2015,335,￥ 95 亿,-11,李登海先生  66,"登海种业
行业：农业"
2015,335,￥ 95 亿,-147,周庆治、赵亦斓夫妇先生  60、女士  37,"南都
行业：电池、投资"
2015,335,￥ 95 亿,New ~,杨竞忠、顾瑜夫妇先生  63、女士  61,"八菱科技
行业：汽车制造业"
2015,335,￥ 95 亿,New ~,周伟建、王曼郦夫妇先生  未知、女士  未知,"美涂士
行业：涂料化工"
2015,335,￥ 95 亿,-11,楚金甫先生  56,"森源
行业：电器制造"
2015,335,￥ 95 亿,-71,陆永华、毛彩虹夫妇先生  52、女士  未知,"林洋电子
行业：电子式电能表"
2015,335,￥ 95 亿,34,陈奇星先生  56,"长盈精密
行业：电子产品"
2015,335,￥ 95 亿,-126,李贤义、董系治夫妇先生  63、女士  未知,"信义玻璃
行业：玻璃"
2015,335,￥ 95 亿,-45,高云峰先生  48,"大族激光
行业：激光设备"
2015,335,￥ 95 亿,-126,王树生先生  61,"大田
行业：物流、航空、投资"
2015,335,￥ 95 亿,-126,刘学景家族先生  64,"新凤祥
行业：肉类食品、铜冶炼"
2015,335,￥ 95 亿,39,林奇先生  34,"游族网络
行业：网络游戏"
2015,335,￥ 95 亿,-245,闫希军家族先生  62,"天士力
行业：医药"
2015,335,￥ 95 亿,New ~,王云富、王扬超父子先生  53、先生  未知,"东港工贸
行业：医药、化工"
2015,335,￥ 95 亿,-147,何著胜家族先生  68,"后英
行业：耐火材料、钢铁、矿业"
2015,335,￥ 95 亿,72,戴伟立先生  未知,"美满电子科技
行业：半导体、电脑芯片"
2015,335,￥ 95 亿,-11,刘振国先生  50,"碧水源
行业：污水处理"
2015,352,￥ 93 亿,496,安治富家族先生  69,"富临
行业：房地产、运输"
2015,352,￥ 93 亿,44,夏鼎湖先生  71,"中鼎
行业：橡胶和塑料制品业"
2015,352,￥ 93 亿,119,陈清州、翁丽敏夫妇先生  50、女士  48,"海能达
行业：专业无线通信"
2015,352,￥ 93 亿,-88,蒋业华、蒋宇父子先生  52、先生  27,"华宇
行业：房地产"
2015,356,￥ 92 亿,5,钟玉先生  65,"康得新
行业：环保材料"
2015,356,￥ 92 亿,-32,易如波先生  39,"中昂
行业：房地产"
2015,358,￥ 90 亿,-134,张跃、赖玉静夫妇先生  55、女士  未知,"远大
行业：中央空调、环保建筑"
2015,358,￥ 90 亿,157,蒋锡培先生  52,"远东
行业：电缆、医药、房地产"
2015,358,￥ 90 亿,746,何人宝、王莺妹夫妇先生  50、女士  50,"永太科技
行业：化工"
2015,358,￥ 90 亿,387,刘年新先生  59,"洪涛装饰
行业：建筑装饰"
2015,358,￥ 90 亿,174,叶远西先生  53,"广田股份
行业：装修装饰"
2015,358,￥ 90 亿,New ~,柳海彬先生  52,"百润
行业：香精香料"
2015,358,￥ 90 亿,New ~,汝继勇家族先生  42,"德尔家居
行业：家具制造"
2015,358,￥ 90 亿,-68,严健军先生  50,"致达
行业：信息、金融、投资"
2015,358,￥ 90 亿,-68,虞阿五、虞兔良父子先生  75、先生  52,"日月首饰
行业：首饰、房地产、金融"
2015,358,￥ 90 亿,119,汪立平家族先生  49,"恒立油缸
行业：高压油缸"
2015,358,￥ 90 亿,325,杨文龙家族先生  53,"仁和药业
行业：医药"
2015,358,￥ 90 亿,43,袁志敏、熊海涛夫妇先生  54、女士  51,"金发科技
行业：塑料"
2015,358,￥ 90 亿,16,吴洁先生  47,"阳光城
行业：房地产"
2015,358,￥ 90 亿,798,王均豪先生  43,"均瑶
行业：房地产、航空、零售"
2015,358,￥ 90 亿,101,陈锦石家族先生  53,"中南
行业：房地产、建筑"
2015,358,￥ 90 亿,146,李德福先生  57,"永泰红磡
行业：房地产、金融"
2015,358,￥ 90 亿,New ~,陈鸿成家族先生  57,"雷伊
行业：房地产、投资"
2015,358,￥ 90 亿,-51,黄朝阳先生  49,"中骏
行业：房地产、变压器"
2015,358,￥ 90 亿,-34,陆克平家族先生  71,"江苏阳光
行业：服装纺织、生物医药、投资"
2015,358,￥ 90 亿,360,唐健、刘翠英夫妇先生  59、女士  58,"捷顺科技
行业：智能卡、计算机软件的技术开发"
2015,358,￥ 90 亿,174,刘载望、富海霞夫妇先生  43、女士  未知,"江河
行业：建筑幕墙"
2015,358,￥ 90 亿,3,侯建芳家族先生  49,"雏鹰农牧
行业：畜牧"
2015,358,￥ 90 亿,-132,闫琦先生  56,"鹿回头
行业：房地产"
2015,358,￥ 90 亿,-109,冯小华先生  59,"南华糖业
行业：制糖业"
2015,358,￥ 90 亿,-171,王希成家族先生  67,"玲珑轮胎
行业：轮胎"
2015,358,￥ 90 亿,270,李卫国先生  50,"东方雨虹
行业：防水材料"
2015,384,￥ 88 亿,New ~,兰华升先生  44,"大生
行业：农业"
2015,384,￥ 88 亿,New ~,李卫伟先生  38,"顺荣股份
行业：汽车制造业、游戏"
2015,384,￥ 88 亿,New ~,邹炳德先生  44,"美康生物
行业：生物医药"
2015,384,￥ 88 亿,75,范伟先生  46,"复星
行业：综合"
2015,384,￥ 88 亿,75,汪群斌先生  46,"复星
行业：综合"
2015,384,￥ 88 亿,75,蒋卫平、张静夫妇先生  60、女士  54,"天齐
行业：矿"
2015,390,￥ 86 亿,293,乔鲁予先生  60,"劲嘉彩印
行业：印刷"
2015,390,￥ 86 亿,New ~,刘淑芹家族先生  未知,"赛升
行业：医药"
2015,392,￥ 85 亿,-143,侯昌财先生  59,"源昌
行业：房地产"
2015,392,￥ 85 亿,-232,高德康、梅冬夫妇先生  63、女士  47,"波司登
行业：服装"
2015,392,￥ 85 亿,353,陈国鹰家族先生  52,"国脉科技
行业：通信服务"
2015,392,￥ 85 亿,198,康宝华先生  62,"远大企业
行业：建筑幕墙、电梯"
2015,392,￥ 85 亿,236,刘水先生  46,"铁汉生态
行业：生态园林"
2015,392,￥ 85 亿,15,陈夏鑫家族先生  53,"西子联合控股
行业：电梯、锅炉、房地产"
2015,392,￥ 85 亿,764,陈宝珍先生  72,"网宿科技
行业：互联网服务"
2015,392,￥ 85 亿,New ~,何志涛先生  33,"联络互动
行业：信息科技"
2015,392,￥ 85 亿,-79,孙平范先生  46,"慈星股份
行业：机械制造"
2015,392,￥ 85 亿,123,郝镇熙家族先生  47,"和佳股份
行业：医疗设备"
2015,392,￥ 85 亿,514,卢柏强先生  53,"诺普信
行业：农药制剂"
2015,392,￥ 85 亿,353,韩旭、张仁华夫妇先生  50、女士  49,"瑞康医药
行业：医药"
2015,392,￥ 85 亿,112,胡季强先生  54,"康恩贝
行业：医药"
2015,392,￥ 85 亿,New ~,左洪波、褚淑霞夫妇先生  50、女士  52,"奥瑞德
行业：光电材料"
2015,392,￥ 85 亿,-85,黄俊康家族先生  60,"莱蒙国际
行业：房地产"
2015,392,￥ 85 亿,-166,童锦泉先生  60,"长峰房地产
行业：房地产"
2015,392,￥ 85 亿,-68,邹建民先生  53,"奥宸地产
行业：房地产"
2015,392,￥ 85 亿,-166,米恩华先生  57,"华凌工贸
行业：地产、畜牧"
2015,392,￥ 85 亿,-253,张志熔家族先生  43,"恒盛\熔盛重工
行业：房地产、船业"
2015,392,￥ 85 亿,-183,吕慧、陈宁宁母女先生  66、女士  44,"嘉鑫控股
行业：钢铁、铁矿石进出口、房地产"
2015,392,￥ 85 亿,198,郑耀楠先生  40,"都市丽人
行业：内衣"
2015,392,￥ 85 亿,-68,孟庆山家族先生  67,"梅花
行业：食用调味品"
2015,414,￥ 83 亿,New ~,刘悉承先生  53,"南方同正投资
行业：医药、能源"
2015,415,￥ 82 亿,New ~,王义平家族先生  54,"继峰股份
行业：汽车零部件"
2015,415,￥ 82 亿,New ~,项光明、王素勤夫妇先生  52、女士  50,"伟明环保
行业：垃圾发电"
2015,415,￥ 82 亿,New ~,周明杰、徐素夫妇先生  58、女士  55,"海洋王
行业：灯具"
2015,415,￥ 82 亿,-168,孔健岷先生  46,"合景泰富
行业：房地产"
2015,415,￥ 82 亿,491,张思夏先生  62,"汉缆股份
行业：电缆"
2015,415,￥ 82 亿,-91,刘殿波先生  50,"绿叶制药
行业：医药"
2015,421,￥ 81 亿,New ~,曾开天先生  未知,"顺荣股份
行业：汽车制造业、游戏"
2015,422,￥ 80 亿,591,赵小强先生  48,"美盛文化
行业：服饰"
2015,422,￥ 80 亿,-158,綦建虹先生  未知,"耀莱
行业：汽车、奢侈品代理、投资"
2015,422,￥ 80 亿,-132,夏佐全先生  52,"比亚迪
行业：汽车、手机零部件、充电电池"
2015,422,￥ 80 亿,20,尤小平家族先生  57,"华峰
行业：化工、铝业、投资"
2015,422,￥ 80 亿,-98,陈德军先生  45,"申通快递
行业：快递"
2015,422,￥ 80 亿,New ~,张万镇先生  66,"三环
行业：电子元器件"
2015,422,￥ 80 亿,55,任建华先生  58,"老板电器
行业：家用电器"
2015,422,￥ 80 亿,-234,张静章家族先生  78,"海天国际
行业：注塑机"
2015,422,￥ 80 亿,137,高玉根先生  49,"胜利精密
行业：仪器制造"
2015,422,￥ 80 亿,-163,柯希平先生  55,"恒兴实业
行业：投资、地产"
2015,422,￥ 80 亿,-132,史正富、翟立夫妇先生  61、女士  44,"同华投资
行业：投资"
2015,422,￥ 80 亿,-158,周传有先生  51,"中金投资
行业：矿、投资"
2015,422,￥ 80 亿,484,尹兴满家族先生  59,"信质电机
行业：电机零部件制造"
2015,422,￥ 80 亿,-173,苏萌先生  未知,"高德置地
行业：房地产"
2015,422,￥ 80 亿,-245,肖春红先生  47,"宏立城
行业：房地产"
2015,422,￥ 80 亿,-234,郁国祥先生  45,"新恒德置业
行业：房地产、投资"
2015,422,￥ 80 亿,-158,盛百椒先生  63,"百丽
行业：鞋业"
2015,422,￥ 80 亿,37,任正非先生  71,"华为
行业：电信解决方案"
2015,422,￥ 80 亿,-15,李银会先生  49,"青青稞酒
行业：酿酒"
2015,422,￥ 80 亿,-196,王步峰先生  未知,"润峰
行业：新能源产品制造"
2015,422,￥ 80 亿,-158,崔志祥先生  52,"方圆有色金属
行业：铜业"
2015,422,￥ 80 亿,-109,何亚民家族先生  58,"利君股份
行业：机械制造"
2015,422,￥ 80 亿,37,姚文彬先生  45,"掌趣
行业：网络游戏"
2015,422,￥ 80 亿,-48,刘革新先生  64,"科伦药业
行业：制药、医药流通"
2015,422,￥ 80 亿,-196,付玉成先生  未知,"贻成
行业：房地产、船舶"
2015,422,￥ 80 亿,-132,刘振东先生  44,"联东
行业：房地产、模板钢"
2015,448,￥ 78 亿,New ~,艾立华家族先生  57,"艾华
行业：电容器制造"
2015,448,￥ 78 亿,486,张绍日先生  59,"众生药业
行业：医药"
2015,450,￥ 77 亿,140,王东辉、吴敏夫妇先生  49、女士  48,"荣之联
行业：信息技术"
2015,451,￥ 76 亿,155,杨斌家族先生  40,"晟晏实业
行业：黑色金属矿采选业"
2015,451,￥ 76 亿,-96,孟庆南家族先生  57,"武汉凡谷
行业：通信设备元件"
2015,453,￥ 75 亿,153,缪双大先生  64,"双良
行业：空调设备"
2015,453,￥ 75 亿,79,林聪颖先生  55,"九牧王
行业：服装"
2015,453,￥ 75 亿,-84,王剑峰先生  45,"均胜投资
行业：汽车零部件制造"
2015,453,￥ 75 亿,-84,王柏兴、王伟峰父子先生  59、先生  35,"中利科技
行业：电缆"
2015,453,￥ 75 亿,292,范永贵家族先生  65,"永贵电器
行业：电器制造"
2015,453,￥ 75 亿,New ~,吕永祥家族先生  65,"永大
行业：电气制造"
2015,453,￥ 75 亿,51,徐湛滔先生  48,"中滔环保
行业：环保"
2015,453,￥ 75 亿,481,林印孙先生  51,"正邦
行业：饲料、养殖"
2015,453,￥ 75 亿,62,张道才家族先生  65,"三花控股
行业：工业设备、汽车零部件、房地产"
2015,453,￥ 75 亿,106,裘国根、骆奕夫妇先生  46、女士  未知,"重阳投资
行业：投资"
2015,453,￥ 75 亿,-46,郑永刚先生  57,"杉杉
行业：锂电池、服装、投资"
2015,453,￥ 75 亿,651,陈少忠先生  48,"中南重工
行业：机械配件"
2015,453,￥ 75 亿,209,周福海家族先生  56,"亚太科技
行业：金属复合材料"
2015,453,￥ 75 亿,New ~,许玲先生  52,"中科国际石油
行业：石油开采、石油贸易"
2015,453,￥ 75 亿,-171,陈妙林先生  63,"开元旅业
行业：房地产"
2015,453,￥ 75 亿,79,韩国龙家族先生  60,"冠城大通
行业：房地产、手表"
2015,453,￥ 75 亿,703,钱金波先生  51,"红蜻蜓
行业：鞋"
2015,453,￥ 75 亿,312,靳保芳先生  63,"晶龙
行业：光伏"
2015,453,￥ 75 亿,-129,李彬兰先生  53,"新一佳
行业：超市零售"
2015,453,￥ 75 亿,-129,孙孟全家族先生  65,"鲁花
行业：食用油"
2015,453,￥ 75 亿,560,曹仁贤先生  47,"阳光电源
行业：电气机械及器材制造业"
2015,453,￥ 75 亿,62,张观福先生  50,"信邦制药
行业：医药"
2015,453,￥ 75 亿,-163,王坤晓先生  46,"杰瑞石油服务
行业：石油专用设备"
2015,453,￥ 75 亿,New ~,蒋宁先生  未知,"信威
行业：无线通信"
2015,477,￥ 74 亿,288,宋睿家族先生  40,"新都化工
行业：化工"
2015,477,￥ 74 亿,206,张开元家族先生  51,"国电清新
行业：环保"
2015,477,￥ 74 亿,429,顾庆伟先生  43,"鼎汉
行业：IT"
2015,480,￥ 73 亿,-73,林荣新先生  47,"三盛地产
行业：房地产、钛白粉"
2015,480,￥ 73 亿,52,王填、张海霞夫妇先生  47、女士  47,"步步高
行业：零售连锁"
2015,480,￥ 73 亿,126,康乔先生  33,"海虹控股
行业：医药电子商务、数字娱乐、高科技化纤"
2015,483,￥ 72 亿,162,张世权家族先生  65,"浙江世宝
行业：汽车零部件制造"
2015,483,￥ 72 亿,64,李洪信先生  62,"太阳纸业
行业：造纸"
2015,485,￥ 71 亿,-203,庞庆华先生  60,"庞大
行业：汽车销售"
2015,485,￥ 71 亿,260,吴尚志先生  65,"鼎晖
行业：投资"
2015,487,￥ 70 亿,-80,李留法、李凤娈夫妇先生  56、女士  未知,"天瑞
行业：铝业、水泥"
2015,487,￥ 70 亿,-97,陈义红家族先生  57,"中国动向
行业：服装"
2015,487,￥ 70 亿,New ~,孙锋峰家族先生  34,"金固股份
行业：汽车零部件"
2015,487,￥ 70 亿,New ~,颜静刚先生  37,"中技控股
行业：建筑材料"
2015,487,￥ 70 亿,-10,牟金香先生  61,"联化科技
行业：化工"
2015,487,￥ 70 亿,258,王伟先生  44,"朗玛信息
行业：计算机技术及软件开发、销售"
2015,487,￥ 70 亿,-48,陈凯旋先生  57,"立白
行业：日化用品"
2015,487,￥ 70 亿,-223,俞敏洪先生  53,"新东方
行业：教育"
2015,487,￥ 70 亿,-163,陶华碧先生  68,"老干妈
行业：食品"
2015,487,￥ 70 亿,-163,刘伟先生  50,"佳都国际
行业：IT分销代理业务"
2015,487,￥ 70 亿,361,张建均、卢彩芬夫妇先生  54、女士  45,"公元塑业
行业：塑料制品、太阳能"
2015,487,￥ 70 亿,-10,姚文琛家族先生  64,"姚记扑克
行业：扑克、印刷"
2015,487,￥ 70 亿,-321,莫天全先生  51,"搜房
行业：房地产网络搜索"
2015,487,￥ 70 亿,419,周炜、王英夫妇先生  48、女士  47,"卫宁软件
行业：软件"
2015,487,￥ 70 亿,103,张轩宁先生  45,"永辉
行业：超市零售"
2015,487,￥ 70 亿,New ~,杨建新、樊梅花夫妇先生  46、女士  未知,"百圆裤业
行业：服装、物流"
2015,487,￥ 70 亿,-223,杨雪岗、路小梅夫妇先生  50、女士  50,"旭阳
行业：煤炭、化工"
2015,487,￥ 70 亿,231,高文班家族先生  67,"史丹利
行业：复合肥"
2015,487,￥ 70 亿,-223,梁亮胜先生  64,"丝宝
行业：日化用品、卫生用品"
2015,487,￥ 70 亿,231,曹世如、曹曾俊母子先生  63、先生  36,"红旗连锁
行业：零售连锁"
2015,487,￥ 70 亿,-113,张荣华家族女士  46,"荣程钢铁
行业：钢铁"
2015,508,￥ 68 亿,314,邵建明先生  52,"海印股份
行业：房地产、矿、化工"
2015,508,￥ 68 亿,367,朱国锭、包晓茹夫妇先生  50、女士  未知,"中恒电气
行业：IT"
2015,508,￥ 68 亿,New ~,黄嘉棣先生  53,"皇氏
行业：乳制品"
2015,511,￥ 67 亿,-110,范秀莲先生  52,"海思科
行业：医药"
2015,511,￥ 67 亿,311,黄巧龙、刘萍夫妇先生  55、女士  未知,"宋城
行业：旅游、房地产"
2015,511,￥ 67 亿,172,林国芳、陈国红夫妇先生  59、女士  51,"富安娜
行业：家纺"
2015,511,￥ 67 亿,-187,吴少勋先生  59,"劲牌
行业：保健酒"
2015,511,￥ 67 亿,-52,肖文慧女士  58,"新华联
行业：矿业、房地产、投资"
2015,511,￥ 67 亿,337,曾少贵先生  47,"翰宇药业
行业：医药"
2015,511,￥ 67 亿,134,周和平先生  51,"沃尔核材
行业：热缩材料"
2015,511,￥ 67 亿,New ~,王勇萍先生  44,"信威
行业：无线通信"
2015,519,￥ 66 亿,New ~,张加勇、尚巍巍夫妇先生  40、女士  42,"永艺家具
行业：家具"
2015,519,￥ 66 亿,-229,徐其明先生  52,"徐龙
行业：水产品、房地产、艺术品收藏"
2015,519,￥ 66 亿,226,杨卫新先生  54,"百隆东方
行业：色纺纱"
2015,519,￥ 66 亿,226,申东日家族先生  43,"朗姿
行业：服装"
2015,519,￥ 66 亿,New ~,李福成家族先生  69,"福成五丰
行业：食品"
2015,519,￥ 66 亿,387,吴延炜先生  56,"中化岩土
行业：基础工程"
2015,525,￥ 65 亿,-170,冯长革先生  未知,"和谐
行业：汽车销售、房地产"
2015,525,￥ 65 亿,240,沈华源先生  61,"中国会所
行业：文化艺术"
2015,525,￥ 65 亿,-48,陆风先生  47,"万得资讯
行业：数据服务"
2015,525,￥ 65 亿,-212,张爱娟家族先生  51,"闰土股份
行业：染料"
2015,525,￥ 65 亿,381,郑和平先生  64,"得利斯
行业：肉制品"
2015,525,￥ 65 亿,-124,黄宏生、林卫平夫妇先生  59、女士  57,"创维
行业：家用电器"
2015,525,￥ 65 亿,22,夏曙东先生  43,"千方
行业：智能交通"
2015,525,￥ 65 亿,New ~,徐新先生  49,"今日资本
行业：投资"
2015,525,￥ 65 亿,240,陈江涛先生  54,"旋极信息
行业：IT"
2015,525,￥ 65 亿,34,茅理翔家族先生  74,"方太厨具
行业：厨具"
2015,525,￥ 65 亿,240,黄小平先生  57,"常发
行业：机械制造、房地产"
2015,525,￥ 65 亿,81,刘德群、刘晓庆父女先生  50、女士  28,"壹桥海参
行业：海洋渔业"
2015,525,￥ 65 亿,178,陈海斌先生  46,"迪安诊断
行业：医疗服务、医疗器械"
2015,525,￥ 65 亿,-118,胡柏藩先生  53,"新和成
行业：医药"
2015,525,￥ 65 亿,-118,王伟林、刘雅娟夫妇先生  53、女士  55,"南江
行业：房地产"
2015,525,￥ 65 亿,-212,杨卓舒家族先生  63,"卓达
行业：房地产"
2015,525,￥ 65 亿,350,俞建午、郭轶娟夫妇先生  49、先生  未知,"宋都
行业：房地产"
2015,525,￥ 65 亿,-261,汪俊林先生  53,"郎酒
行业：房地产、白酒"
2015,525,￥ 65 亿,-118,张宝全、王秋扬夫妇先生  58、女士  48,"今典
行业：房地产、当代艺术"
2015,525,￥ 65 亿,240,孙为民先生  52,"苏宁云商
行业：家电零售、房地产"
2015,525,￥ 65 亿,New ~,江南先生  52,"圣丰
行业：橡胶制品、房地产"
2015,525,￥ 65 亿,-201,陈建铭先生  59,"三盛宏业
行业：航运、房地产"
2015,525,￥ 65 亿,178,薛华先生  45,"海大
行业：饲料"
2015,525,￥ 65 亿,-48,陈雁升、陈冬琼夫妇先生  45、女士  45,"互动娱乐
行业：车模"
2015,525,￥ 65 亿,-218,张邦鑫先生  35,"好未来
行业：教育"
2015,525,￥ 65 亿,-118,蔡荣军先生  43,"欧菲光
行业：电子元件研发、生产和销售"
2015,525,￥ 65 亿,-201,张利钿家族先生  51,"雅士利
行业：乳业"
2015,525,￥ 65 亿,-235,王文城家族先生  未知,"大中
行业：石材、房地产"
2015,525,￥ 65 亿,-10,刘福海先生  61,"大海
行业：纺织、化工"
2015,525,￥ 65 亿,137,陈东升家族先生  58,"嘉德、泰康
行业：拍卖、保险"
2015,525,￥ 65 亿,New ~,程维先生  32,"滴滴快的
行业：IT"
2015,556,￥ 64 亿,127,盛发强、王静夫妇先生  46、女士  40,"探路者
行业：服装"
2015,556,￥ 64 亿,New ~,王燕清、倪亚兰夫妇先生  49、女士  未知,"先导股份
行业：自动化设备"
2015,556,￥ 64 亿,-201,张世民先生  56,"源通
行业：煤炭"
2015,556,￥ 64 亿,New ~,贺增林、刘丹英夫妇先生  45、女士  44,"天和防务
行业：通信设备制造"
2015,556,￥ 64 亿,548,孙洁晓、袁静夫妇先生  未知、女士  未知,"春兴精工
行业：通讯设备"
2015,556,￥ 64 亿,378,纪德法家族先生  64,"新时达
行业：电气设备"
2015,556,￥ 64 亿,3,朱兴明先生  48,"汇川技术
行业：电气机械及器材制造"
2015,556,￥ 64 亿,New ~,蔡明通、蔡劲军父子先生  63、先生  37,"火炬电子
行业：电子元器件"
2015,556,￥ 64 亿,-24,刘肇怀先生  59,"英飞拓
行业：电子安防、光通信设备"
2015,556,￥ 64 亿,-232,马秀慧、王耀海家族先生  44、女士  44,"欧普照明
行业：节能灯"
2015,556,￥ 64 亿,-243,李新炎、倪银英夫妇先生  64、女士  59,"中国龙工
行业：重型工程用车"
2015,556,￥ 64 亿,-97,唐修国先生  52,"三一
行业：重型机械"
2015,556,￥ 64 亿,106,胡成中先生  54,"德力西
行业：工业电器、房地产"
2015,556,￥ 64 亿,-201,刘双珉先生  63,"科达
行业：基础设施建设、房地产"
2015,556,￥ 64 亿,-182,朱敏、徐郁清夫妇先生  67、女士  66,"赛伯乐
行业：投资"
2015,556,￥ 64 亿,209,张恭运先生  52,"豪迈科技
行业：机械制造"
2015,556,￥ 64 亿,127,王明旺、蔡帝娥夫妇先生  48、女士  未知,"欣旺达
行业：电池、充电器"
2015,556,￥ 64 亿,-114,贺学初先生  52,"洪桥
行业：矿、高纯硅研发制造"
2015,556,￥ 64 亿,-268,陈隆基、王华玉夫妇先生  59、女士  未知,"利嘉国际
行业：石油开采、石油贸易"
2015,556,￥ 64 亿,New ~,陈大年先生  37,"盛大
行业：在线游戏"
2015,556,￥ 64 亿,-232,叶成先生  53,"岚桥工贸
行业：石油加工、木材加工、贸易"
2015,556,￥ 64 亿,-9,王永辉、陈淑梅夫妇先生  53、女士  52,"香雪制药
行业：制药"
2015,556,￥ 64 亿,106,范建刚家族先生  61,"风范股份
行业：输变电设备"
2015,556,￥ 64 亿,-52,曾宝宝先生  44,"花样年
行业：房地产"
2015,556,￥ 64 亿,600,黄辉先生  53,"三湘股份
行业：房地产"
2015,556,￥ 64 亿,419,曾昭秦先生  46,"天业
行业：房地产、矿业"
2015,556,￥ 64 亿,-9,何金明、宋琦夫妇先生  63、女士  49,"人人乐
行业：零售"
2015,556,￥ 64 亿,-232,熊贤忠先生  50,"洪客隆
行业：百货零售、房地产"
2015,556,￥ 64 亿,New ~,陶安详家族先生  57,"亚星锚链
行业：船用设备"
2015,556,￥ 64 亿,3,徐新建家族先生  51,"日出东方
行业：太阳能设备"
2015,556,￥ 64 亿,50,段连文先生  65,"南金兆
行业：钢铁、矿产"
2015,556,￥ 64 亿,New ~,王庆辉先生  未知,"信威
行业：无线通信"
2015,556,￥ 64 亿,-234,黄向墨先生  46,"玉湖
行业：水电、物流、房地产"
2015,556,￥ 64 亿,-52,廖道训家族先生  80,"视觉中国、中国智能交通
行业：网络素材、智能交通"
2015,556,￥ 64 亿,162,何思模先生  50,"易事特
行业：不间断电源"
2015,556,￥ 64 亿,New ~,文炳荣先生  未知,"神州高铁
行业：设备制造、技术服务"
2015,556,￥ 64 亿,-182,徐航先生  53,"迈瑞医疗
行业：医疗电子、房地产"
2015,556,￥ 64 亿,209,叶华能先生  64,"宝丽华
行业：新能源"
2015,556,￥ 64 亿,-149,邹节明先生  72,"三金药业
行业：医药制造业"
2015,556,￥ 64 亿,127,周儒欣先生  52,"北斗星通
行业：卫星导航设备"
2015,556,￥ 64 亿,-201,牛宜顺先生  60,"华勤
行业：轮胎、输送带、电力"
2015,597,￥ 62 亿,-7,陈丽芬先生  56,"江苏阳光
行业：服装纺织、生物医药、投资"
2015,597,￥ 62 亿,New ~,田秀英先生  未知,"君正
行业：煤电、金融投资"
2015,597,￥ 62 亿,New ~,焦震先生  49,"鼎晖
行业：投资"
2015,597,￥ 62 亿,New ~,郭维城先生  51,"四环医药
行业：医药"
2015,597,￥ 62 亿,168,高建荣、冯飞飞夫妇先生  53、女士  未知,"中茵
行业：房地产"
2015,602,￥ 61 亿,-228,高星家族先生  62,"兴泰
行业：房地产、路桥建设"
2015,603,￥ 60 亿,-279,郭东林先生  44,"以纯
行业：服装"
2015,603,￥ 60 亿,-279,刘满世家族先生  66,"满世
行业：煤炭"
2015,603,￥ 60 亿,New ~,林浩亮、林若文夫妇先生  56、女士  56,"金发拉比
行业：婴儿用品"
2015,603,￥ 60 亿,New ~,王旭宁先生  46,"九阳
行业：小家电"
2015,603,￥ 60 亿,New ~,陆兆禧先生  46,"阿里巴巴、蚂蚁金服
行业：电子商务、金融服务"
2015,603,￥ 60 亿,New ~,彭蕾先生  44,"阿里巴巴、蚂蚁金服
行业：电子商务、金融服务"
2015,603,￥ 60 亿,New ~,贾全臣、贾晓钰父子先生  59、先生  31,"恒顺众昇
行业：机电设备制造、发电、投资"
2015,603,￥ 60 亿,-44,刘正军家族先生  48,"永清环保
行业：大气污染防治工程"
2015,603,￥ 60 亿,New ~,钱晓春家族先生  51,"强力新材
行业：化工原料"
2015,603,￥ 60 亿,New ~,张海明、张悦父女先生  54、女士  26,"海利生物
行业：兽用生物制品"
2015,603,￥ 60 亿,-279,李平先生  51,"天高
行业：矿业开发、冶金贸易"
2015,603,￥ 60 亿,115,沈锦华先生  48,"焦点科技
行业：网络技术开发"
2015,603,￥ 60 亿,-207,肖永明先生  51,"藏格钾肥
行业：钾肥"
2015,603,￥ 60 亿,-426,郭英成家族先生  50,"佳兆业
行业：房地产"
2015,603,￥ 60 亿,-279,张佛恩先生  63,"龙泉
行业：房地产"
2015,603,￥ 60 亿,-279,刘学斌先生  43,"富盈
行业：房地产、教育"
2015,603,￥ 60 亿,219,戴皓先生  51,"中发
行业：房地产、保险"
2015,603,￥ 60 亿,-196,苏素玉、苏壮奇母子先生  67、先生  37,"联美
行业：房地产、矿业、投资"
2015,603,￥ 60 亿,331,施天佑先生  45,"百宏实业
行业：纺织"
2015,603,￥ 60 亿,New ~,吕大龙先生  未知,"信威
行业：无线通信"
2015,603,￥ 60 亿,New ~,于德翔先生  51,"特锐德电气
行业：电力设备制造、技术服务"
2015,603,￥ 60 亿,42,邵钦祥家族先生  61,"花园
行业：工业制造、房地产"
2015,603,￥ 60 亿,100,华勇先生  51,"顺网科技
行业：互联网信息服务"
2015,603,￥ 60 亿,New ~,王兴先生  36,"美团
行业：IT"
2015,603,￥ 60 亿,272,陈保华先生  53,"华海药业
行业：医药"
2015,603,￥ 60 亿,-13,李兆廷先生  50,"东旭
行业：光电显示、光伏"
2015,603,￥ 60 亿,-279,吴旭家族先生  52,"协信控股
行业：房地产、金融"
2015,630,￥ 59 亿,New ~,张学君先生  75,"银之杰
行业：计算机软硬件"
2015,631,￥ 58 亿,473,李保平家族先生  55,"黄河矿业
行业：煤炭"
2015,631,￥ 58 亿,-189,陈泽民家族先生  72,"三全食品
行业：食品"
2015,631,￥ 58 亿,-257,邹锡昌先生  51,"昌盛
行业：房地产"
2015,631,￥ 58 亿,New ~,陈湖文先生  45,"晨光文具
行业：文具用品制造"
2015,631,￥ 58 亿,New ~,杨振华先生  51,"飞利信
行业：通信、计算机应用服务"
2015,631,￥ 58 亿,244,吴开贤家族先生  64,"众业达
行业：电气产品销售及制造"
2015,631,￥ 58 亿,-41,刘程宇、刘玲夫妇先生  53、女士  51,"科士达
行业：电力电子产品"
2015,631,￥ 58 亿,-3,王建沂先生  52,"富通
行业：光纤光缆"
2015,631,￥ 58 亿,217,许淑清先生  57,"中恒
行业：医药、房地产"
2015,631,￥ 58 亿,-262,赖海民先生  49,"鸿荣源
行业：房地产"
2015,631,￥ 58 亿,-276,杨荣义先生  未知,"荣超地产
行业：房地产"
2015,631,￥ 58 亿,134,蔡小如先生  36,"达华智能
行业：RFID产品和解决方案供应商"
2015,631,￥ 58 亿,473,孙伟挺、陈玲芬夫妇先生  未知、女士  未知,"华孚控股
行业：色纺纱线"
2015,644,￥ 57 亿,New ~,郭念昆先生  未知,"新疆嘉创
行业：股权投资"
2015,644,￥ 57 亿,New ~,谢子龙、陈秀兰夫妇先生  49、女士  未知,"老百姓
行业：医药零售"
2015,644,￥ 57 亿,290,陈士良先生  52,"桐昆
行业：化纤、房地产"
2015,644,￥ 57 亿,New ~,何宁、甄建涛家族先生  52、女士  53,"弘高创意
行业：建筑设计"
2015,644,￥ 57 亿,-129,梁桂秋先生  52,"荣尚医疗
行业：医疗设备及医疗系统工程"
2015,644,￥ 57 亿,New ~,郭绍增先生  52,"华夏幸福
行业：房地产"
2015,644,￥ 57 亿,-54,梁社增先生  83,"世荣兆业
行业：房地产"
2015,644,￥ 57 亿,-97,刁志中先生  52,"广联达
行业：软件"
2015,644,￥ 57 亿,101,陈礼豪家族先生  47,"欧浦钢网
行业：中国钢铁电子交易"
2015,653,￥ 56 亿,-211,丛连彪先生  54,"皓月
行业：牛羊肉生产加工"
2015,653,￥ 56 亿,-176,毛中吾先生  53,"三一
行业：重型机械"
2015,653,￥ 56 亿,-176,向文波先生  53,"三一
行业：重型机械"
2015,653,￥ 56 亿,-138,张克强先生  55,"华美国际
行业：投资、房地产"
2015,653,￥ 56 亿,-246,刘贞峰先生  54,"杰瑞石油服务
行业：石油专用设备"
2015,653,￥ 56 亿,New ~,花轩德家族先生  72,"中贝九洲
行业：医药"
2015,653,￥ 56 亿,-138,徐明波先生  51,"双鹭
行业：医药"
2015,653,￥ 56 亿,-138,黄光苗先生  46,"中洲
行业：房地产"
2015,653,￥ 56 亿,New ~,史贵禄家族先生  50,"荣民
行业：房地产"
2015,653,￥ 56 亿,-246,涂辉龙先生  56,"海雅
行业：房地产"
2015,653,￥ 56 亿,412,王飘扬先生  51,"万邦达
行业：污水处理"
2015,653,￥ 56 亿,New ~,李振国、李喜燕夫妇先生  47、女士  47,"西安隆基
行业：硅材料"
2015,653,￥ 56 亿,New ~,颜华、罗慧夫妇先生  43、女士  41,"华昌达
行业：专用设备制造业"
2015,653,￥ 56 亿,-246,宋文广家族先生  56,"兴源
行业：轮胎"
2015,653,￥ 56 亿,503,冯滨先生  51,"众信旅游
行业：旅游"
2015,668,￥ 55 亿,-294,杨钊家族先生  68,"旭日
行业：服装、房地产"
2015,668,￥ 55 亿,-226,余渐富先生  59,"南翔
行业：商贸物流、房地产"
2015,668,￥ 55 亿,97,黎旭辉先生  47,"海天味业
行业：食品"
2015,668,￥ 55 亿,-419,万隆先生  75,"双汇
行业：食品加工"
2015,668,￥ 55 亿,15,苏志刚先生  57,"长隆
行业：旅游"
2015,668,￥ 55 亿,488,关彦斌先生  61,"葵花药业
行业：医药"
2015,668,￥ 55 亿,-109,李晓林先生  62,"林达
行业：房地产、投资"
2015,668,￥ 55 亿,-261,吕培榕先生  56,"大帝
行业：服装、投资、房地产"
2015,668,￥ 55 亿,50,徐朋明先生  41,"金茂
行业：化工"
2015,668,￥ 55 亿,-538,陈欧先生  32,"聚美优品
行业：电子商务"
2015,668,￥ 55 亿,-109,孙毅先生  48,"浙富股份
行业：水电设备"
2015,668,￥ 55 亿,-267,茹伯兴、茹正伟父子先生  68、先生  未知,"百兴
行业：工业制造、房地产"
2015,668,￥ 55 亿,New ~,刘成彦先生  51,"网宿科技
行业：互联网服务"
2015,668,￥ 55 亿,154,李军先生  51,"利亚德
行业：LED"
2015,668,￥ 55 亿,New ~,王相荣先生  43,"利欧股份
行业：机械制造、投资"
2015,668,￥ 55 亿,New ~,章沈强、钱菊花夫妇先生  48、女士  39,"星光农机
行业：农业机械"
2015,668,￥ 55 亿,207,陈云勤家族先生  73,"戴维医疗
行业：医疗器械"
2015,668,￥ 55 亿,-404,李振江家族先生  58,"神威
行业：医药"
2015,668,￥ 55 亿,50,李莉先生  44,"长荣股份
行业：印刷设备、包装设备制造"
2015,668,￥ 55 亿,-294,宋卫平、夏一波夫妇先生  57、女士  未知,"绿城
行业：房地产"
2015,668,￥ 55 亿,New ~,高兴江先生  52,"永兴特钢
行业：不锈钢"
2015,668,￥ 55 亿,-209,杨泽文家族先生  68,"南风股份
行业：通风与空气处理设备制造"
2015,690,￥ 54 亿,New ~,夏国新、胡咏梅夫妇先生  47、女士  45,"歌力思
行业：服装"
2015,690,￥ 54 亿,216,徐咸大家族先生  64,"德联
行业：汽车化工用品"
2015,690,￥ 54 亿,-248,赵曰岭家族先生  63,"金岭
行业：化工"
2015,690,￥ 54 亿,-283,吴瑞林先生  63,"侨兴
行业：通信设备、矿产"
2015,690,￥ 54 亿,New ~,包叔平先生  未知,"二三四五
行业：计算机系统开发"
2015,690,￥ 54 亿,-158,俞其兵先生  50,"旗滨
行业：玻璃"
2015,690,￥ 54 亿,-158,叶小宝、叶仙玉父子先生  77、先生  58,"星星
行业：家用电器、电子元件"
2015,690,￥ 54 亿,-294,郑伟鹤、黄荔夫妇先生  未知、女士  未知,"同创伟业
行业：投资"
2015,690,￥ 54 亿,216,涂善忠先生  54,"普邦园林
行业：园林景观工程"
2015,690,￥ 54 亿,-7,马永升、锁芳夫妇先生  未知、女士  未知,"昊龙实业
行业：矿业、水电、房地产"
2015,690,￥ 54 亿,75,穆来安家族先生  60,"新谊医药
行业：医药"
2015,690,￥ 54 亿,244,徐玉锁、陈光珠夫妇先生  50、女士  50,"远望谷
行业：RFID产品、解决方案"
2015,690,￥ 54 亿,New ~,倪开禄、倪娜父女先生  59、女士  32,"协鑫集成
行业：太阳能设备"
2015,690,￥ 54 亿,New ~,陈湖雄先生  45,"晨光文具
行业：文具用品制造"
2015,690,￥ 54 亿,New ~,杨全玉先生  未知,"信威
行业：无线通信"
2015,705,￥ 53 亿,143,蔡晓东先生  44,"奥飞动漫
行业：动漫"
2015,705,￥ 53 亿,60,王苗通、王一峰父子先生  58、先生  31,"世纪华通
行业：汽车零部件制造"
2015,705,￥ 53 亿,-146,薛济萍先生  64,"中天科技
行业：电缆"
2015,705,￥ 53 亿,-383,王木清先生  65,"正通汽车
行业：汽车销售"
2015,705,￥ 53 亿,40,乔玉华先生  49,"双欣资源
行业：煤炭、热电、化工"
2015,705,￥ 53 亿,New ~,饶陆华先生  50,"科陆电子
行业：电子产品"
2015,705,￥ 53 亿,229,王水福先生  60,"西子联合控股
行业：电梯、锅炉、房地产"
2015,705,￥ 53 亿,New ~,闻掌华先生  51,"美都控股
行业：能源、房地产、投资"
2015,705,￥ 53 亿,New ~,乔昕、陈亚妹夫妇先生  52、女士  40,"实益达
行业：LED照明、物联网贸易服务"
2015,705,￥ 53 亿,New ~,黄金祥、赵启荣夫妇先生  50、女士  49,"安徽广信
行业：农药化肥、房地产"
2015,705,￥ 53 亿,117,陈先保家族先生  56,"华泰
行业：农副食品加工业"
2015,705,￥ 53 亿,-344,陈辉、杨劲夫妇先生  48、女士  47,"东易日盛
行业：住宅装饰"
2015,705,￥ 53 亿,-190,王春生、吕莉夫妇先生  40、女士  39,"安洁科技
行业：绝缘材料"
2015,705,￥ 53 亿,New ~,韦振宇先生  31,"软实力
行业：投资"
2015,705,￥ 53 亿,New ~,史一兵先生  53,"万达信息
行业：信息技术"
2015,705,￥ 53 亿,-228,姚劲波先生  39,"58同城
行业：生活服务"
2015,705,￥ 53 亿,-99,刘金成、骆锦红夫妇先生  51、女士  48,"亿纬锂能
行业：锂电池"
2015,705,￥ 53 亿,New ~,李国平、叶理青夫妇先生  52、女士  45,"广生堂
行业：医药"
2015,705,￥ 53 亿,-309,李喜朋、舒蒲娟夫妇先生  52、女士  50,"盛润控股
行业：房地产、电力能源、城市基础设施"
2015,705,￥ 53 亿,New ~,孙国民、孙德良父子先生  未知、先生  43,"生意宝
行业：软件开发"
2015,705,￥ 53 亿,399,韩汇如先生  39,"东方铁塔
行业：钢结构产品"
2015,705,￥ 53 亿,60,张维仰先生  50,"东江环保
行业：废物处理及综合利用"
2015,727,￥ 52 亿,-168,郭家学、王玲夫妇先生  49、女士  未知,"东盛
行业：医药"
2015,727,￥ 52 亿,New ~,王进飞先生  60,"奥特佳
行业：汽车空调压缩机"
2015,727,￥ 52 亿,New ~,李平先生  48,"东土
行业：通信、计算机应用服务"
2015,727,￥ 52 亿,New ~,冷天辉先生  39,"九天工贸
行业：模切"
2015,727,￥ 52 亿,-285,郑元豹先生  57,"人民电器
行业：工业电器、房地产、投资"
2015,727,￥ 52 亿,New ~,朱汉平先生  52,"三丰智能
行业：智能输送成套设备"
2015,727,￥ 52 亿,-24,高怀雪家族先生  52,"吉艾
行业：石油仪器"
2015,727,￥ 52 亿,-337,黄焕明先生  52,"明发
行业：房地产"
2015,727,￥ 52 亿,286,张毓强先生  60,"振石控股
行业：房地产、矿产"
2015,736,￥ 51 亿,-91,沈健生、沈于蓝父子先生  52、先生  27,"银邦股份
行业：铝合金"
2015,736,￥ 51 亿,-74,周晓萍家族女士  54,"星宇股份
行业：汽车灯具"
2015,736,￥ 51 亿,-294,张文荣家族先生  50,"上海亚龙
行业：电缆、房地产"
2015,736,￥ 51 亿,-259,蔡宏柱先生  64,"稻花香
行业：白酒"
2015,736,￥ 51 亿,329,曾少强先生  44,"翰宇药业
行业：医药"
2015,736,￥ 51 亿,86,吴羽岚女士  未知,"达远投资
行业：医药"
2015,736,￥ 51 亿,-232,许晓明先生  52,"武汉南国置业
行业：房地产"
2015,736,￥ 51 亿,9,杨绍鹏先生  59,"海丰航运
行业：航运"
2015,736,￥ 51 亿,139,刘光先生  44,"东方网力
行业：视频处理技术"
2015,736,￥ 51 亿,112,吴向东先生  45,"华泽
行业：酒业、投资"
2015,746,￥ 50 亿,-558,魏宣先生  未知,"天合化工
行业：化工"
2015,746,￥ 50 亿,19,汪建国先生  55,"五星投资
行业：家居连锁、婴孕商品连锁、投资"
2015,746,￥ 50 亿,-352,季琦先生  49,"华住
行业：连锁酒店"
2015,746,￥ 50 亿,New ~,蔡蕾先生  43,"九鼎
行业：投资"
2015,746,￥ 50 亿,-231,何伯权先生  55,"今日投资
行业：投资"
2015,746,￥ 50 亿,-269,施建祥先生  51,"快鹿投资
行业：投资"
2015,746,￥ 50 亿,New ~,覃正宇先生  39,"九鼎
行业：投资"
2015,746,￥ 50 亿,-214,张朝阳先生  51,"搜狐
行业：IT、娱乐"
2015,746,￥ 50 亿,-520,林来嵘、安素梅夫妇先生  47、女士  50,"众兴
行业：矿业"
2015,746,￥ 50 亿,129,张思民、王劲松夫妇先生  53、女士  未知,"海王
行业：医药、房地产"
2015,746,￥ 50 亿,-339,戴志康先生  51,"证大
行业：房地产"
2015,746,￥ 50 亿,-339,邓鸿先生  52,"成都会展中心
行业：房地产"
2015,746,￥ 50 亿,188,张松桥先生  51,"中渝实业
行业：房地产"
2015,746,￥ 50 亿,-339,吴一坚先生  55,"金花
行业：房地产、医药"
2015,746,￥ 50 亿,-304,彭星先生  45,"法派
行业：服装、投资"
2015,746,￥ 50 亿,-269,余海军先生  41,"宝利德
行业：汽车销售"
2015,746,￥ 50 亿,-269,张剑群先生  43,"沂州
行业：水泥、煤化工"
2015,746,￥ 50 亿,-339,徐茂根先生  61,"远东化纤
行业：化纤"
2015,746,￥ 50 亿,-101,孙永根先生  44,"天圣控股
行业：化纤"
2015,746,￥ 50 亿,-422,杨卫东、杨亚珍夫妇先生  47、女士  47,"卫星石化
行业：化工"
2015,746,￥ 50 亿,229,刘轶先生  43,"瑞茂通
行业：煤炭供应链管理"
2015,746,￥ 50 亿,New ~,黄昌华先生  47,"金信诺
行业：通信设备"
2015,746,￥ 50 亿,New ~,万卫方先生  50,"吴通通讯
行业：通讯设备"
2015,746,￥ 50 亿,New ~,何晔先生  45,"银之杰
行业：计算机软硬件"
2015,746,￥ 50 亿,New ~,景晓君先生  48,"任子行
行业：计算机软硬件开发"
2015,746,￥ 50 亿,-118,谢宏先生  50,"贝因美
行业：乳制品"
2015,746,￥ 50 亿,188,赖梅松先生  45,"中通速递
行业：快递"
2015,746,￥ 50 亿,-140,徐锦鑫、杜筱燕夫妇先生  未知、先生  未知,"置信
行业：电气"
2015,746,￥ 50 亿,New ~,廖志民、周涛夫妇先生  52、女士  50,"金达莱
行业：环保"
2015,746,￥ 50 亿,-28,杨廷栋先生  55,"蓝天贸易
行业：白酒"
2015,746,￥ 50 亿,New ~,徐进先生  50,"口子窖
行业：白酒及玻璃制品"
2015,746,￥ 50 亿,New ~,黄保忠先生  58,"万林股份
行业：物流"
2015,746,￥ 50 亿,New ~,沈介良先生  62,"江苏旷达
行业：汽车织物"
2015,746,￥ 50 亿,New ~,张政先生  47,"炼石有色
行业：有色金属矿产"
2015,746,￥ 50 亿,-140,李建华先生  64,"华泰
行业：造纸、化工、热电"
2015,746,￥ 50 亿,-307,马之清先生  60,"清源
行业：石油化工"
2015,746,￥ 50 亿,New ~,温鹏程家族先生  53,"温氏
行业：家禽养殖、动物保健"
2015,746,￥ 50 亿,New ~,张传卫先生  53,"明阳电气
行业：输电电力、能源"
2015,746,￥ 50 亿,-275,黄建勳先生  50,"联泰
行业：基础建设、房地产"
2015,746,￥ 50 亿,New ~,何志平、张文莉夫妇先生  50、女士  未知,"华建
行业：房地产、投资"
2015,746,￥ 50 亿,-520,袁凯飞先生  63,"新世纪造船
行业：造船"
2015,746,￥ 50 亿,-269,温纯青先生  44,"大百汇
行业：烟草、房地产、白酒"
2015,788,￥ 49 亿,-349,高雪峰先生  57,"金诚泰
行业：煤炭、化工"
2015,788,￥ 49 亿,277,姜纯先生  55,"楚江
行业：有色金属冶炼"
2015,788,￥ 49 亿,New ~,王彦军先生  未知,"华夏幸福
行业：房地产"
2015,788,￥ 49 亿,New ~,周文焕先生  未知,"华业
行业：房地产"
2015,788,￥ 49 亿,New ~,徐长江先生  64,"文峰股份
行业：商贸、酒店"
2015,793,￥ 48 亿,New ~,黄炳均、盛承慧夫妇先生  62、女士  未知,"昌兴
行业：水泥、房地产"
2015,793,￥ 48 亿,-148,汪潮涌、李亦非夫妇先生  未知、女士  51,"信中利
行业：投资"
2015,793,￥ 48 亿,-316,陈光标先生  47,"黄埔再生资源利用
行业：新型材料、再生资源"
2015,793,￥ 48 亿,-148,郑伟先生  45,"海思科
行业：医药"
2015,793,￥ 48 亿,-165,江黎明先生  未知,"利泰
行业：汽车经销"
2015,793,￥ 48 亿,-234,霍炽昌先生  52,"新中源陶瓷
行业：陶瓷"
2015,793,￥ 48 亿,-351,吕中楼先生  50,"沁和能源
行业：煤炭"
2015,793,￥ 48 亿,New ~,杨云春先生  46,"耐威
行业：通信、计算机应用服务"
2015,793,￥ 48 亿,363,张才奎、张斌父子先生  64、先生  36,"山水水泥
行业：水泥"
2015,793,￥ 48 亿,141,梁勤家族先生  44,"扬杰
行业：电子元件"
2015,793,￥ 48 亿,-75,李占通先生  51,"大通投资
行业：燃气、医药、投资"
2015,793,￥ 48 亿,-351,密春磊先生  39,"中瀛
行业：高尔夫、房地产、能源"
2015,793,￥ 48 亿,-289,俞发祥先生  44,"祥源控股
行业：基础设施建设、房地产"
2015,793,￥ 48 亿,363,黄明松先生  44,"科大智能
行业：智能配电"
2015,793,￥ 48 亿,-261,李东军先生  57,"锦联
行业：物流、房地产"
2015,793,￥ 48 亿,-234,王伟耀先生  52,"沃得机电
行业：机械制造"
2015,793,￥ 48 亿,-110,吴培服、吴迪父子先生  54、先生  33,"双星新材
行业：包装材料、印刷品"
2015,793,￥ 48 亿,113,许庆奎、许英强父子先生  未知、先生  未知,"九羊
行业：钢铁、冶金、机械"
2015,811,￥ 47 亿,123,郭洪生家族先生  53,"蓝英装备
行业：自动化装备"
2015,811,￥ 47 亿,-128,叶德林先生  47,"新明珠陶瓷
行业：陶瓷"
2015,811,￥ 47 亿,-93,廖晓霞先生  54,"奥特迅
行业：交直流电源成套设备"
2015,811,￥ 47 亿,-504,周亚仙先生  56,"神冠控股
行业：食品原料"
2015,811,￥ 47 亿,202,江淦钧先生  51,"索菲亚衣柜
行业：家具"
2015,811,￥ 47 亿,New ~,郑合明、陈玉琴夫妇先生  57、先生  54,"凯撒股份
行业：信息设备"
2015,811,￥ 47 亿,New ~,徐炜先生  43,"腾信
行业：IT"
2015,811,￥ 47 亿,-264,苏增福家族先生  75,"苏泊尔
行业：厨具、投资"
2015,811,￥ 47 亿,64,陈森洁家族先生  66,"世纪阳光控股
行业：照明电器"
2015,811,￥ 47 亿,New ~,许树根先生  50,"浙江鼎力
行业：机械制造"
2015,811,￥ 47 亿,345,杨震华先生  55,"新文化
行业：传媒"
2015,811,￥ 47 亿,New ~,吕建明先生  50,"通策医疗
行业：医疗器械"
2015,811,￥ 47 亿,123,仲汉根先生  51,"辉丰农化
行业：农药"
2015,811,￥ 47 亿,-296,李兴先生  62,"澄星磷化工
行业：磷化工、石油化工"
2015,811,￥ 47 亿,-252,陈国祥先生  64,"祥生
行业：房地产、建筑"
2015,811,￥ 47 亿,-334,刘远炳先生  49,"广州美林基业
行业：房地产"
2015,811,￥ 47 亿,-552,齐向东先生  50,"奇虎360
行业：软件"
2015,828,￥ 46 亿,-324,阎焱先生  58,"软银亚洲
行业：投资"
2015,828,￥ 46 亿,-421,李宁先生  52,"李宁
行业：体育用品、投资"
2015,828,￥ 46 亿,New ~,景柱先生  49,"海马汽车
行业：汽车制造"
2015,828,￥ 46 亿,-640,杨爱华家族先生  54,"宝信汽车
行业：汽车销售"
2015,828,￥ 46 亿,-351,王以廷先生  65,"太西煤
行业：煤炭"
2015,828,￥ 46 亿,-351,郭金树先生  64,"汇能
行业：煤炭、路桥、房地产"
2015,828,￥ 46 亿,New ~,吴道洪先生  49,"神雾环保
行业：环保产业"
2015,828,￥ 46 亿,276,时沈祥、骆莲琴夫妇先生  52、女士  52,"友邦吊顶
行业：集成吊顶"
2015,828,￥ 46 亿,106,李渝勤先生  52,"信科互动
行业：信息技术"
2015,828,￥ 46 亿,New ~,朱烨东、沈飒夫妇先生  47、女士  42,"中科金财
行业：IT"
2015,828,￥ 46 亿,New ~,吴波家族先生  61,"埃斯顿
行业：机械装备制造"
2015,828,￥ 46 亿,-200,窦启玲女士  55,"益佰制药
行业：医药"
2015,828,￥ 46 亿,-434,张瀛岑、孙燕熙夫妇先生  未知、女士  未知,"天伦
行业：燃气、房地产"
2015,828,￥ 46 亿,New ~,吴明武、徐丽凡夫妇先生  48、女士  未知,"泰盛实业
行业：造纸"
2015,828,￥ 46 亿,185,周文、郭艺群夫妇先生  50、女士  51,"普利特
行业：塑料制造、汽车配件"
2015,828,￥ 46 亿,New ~,叶琼玖先生  61,"同花顺
行业：软件"
2015,828,￥ 46 亿,-63,唐永清家族先生  69,"玉龙股份
行业：钢管"
2015,828,￥ 46 亿,New ~,潘勇先生  未知,"银河天成
行业：输配电及控制设备、生物"
2015,846,￥ 45 亿,-287,夏朝嘉先生  66,"禾嘉
行业：汽车配件、投资"
2015,846,￥ 45 亿,-472,刘长乐先生  64,"凤凰卫视
行业：传媒"
2015,846,￥ 45 亿,-287,金惠明家族先生  62,"大华
行业：房地产"
2015,846,￥ 45 亿,-369,梁小雷家族先生  52,"春和
行业：造船"
2015,846,￥ 45 亿,-331,任元林先生  62,"扬子江船业
行业：造船"
2015,846,￥ 45 亿,-342,张果喜先生  63,"果喜
行业：玉矿、木雕、地产"
2015,846,￥ 45 亿,-81,董勒成先生  未知,"景成
行业：航空、路桥、房地产"
2015,846,￥ 45 亿,60,沈广仟、孙茜夫妇先生  54、女士  49,"利德曼
行业：生物制药"
2015,846,￥ 45 亿,-369,陈文沛、张丽萍夫妇先生  53、女士  未知,"中汽南华
行业：汽车代理"
2015,846,￥ 45 亿,New ~,朱宝松家族先生  60,"宝鼎重工
行业：铸锻件产品"
2015,846,￥ 45 亿,-143,潘刚先生  45,"伊利
行业：乳制品"
2015,846,￥ 45 亿,-459,朱新礼先生  63,"汇源
行业：饮料"
2015,846,￥ 45 亿,219,康敬伟先生  未知,"科通芯城
行业：电商"
2015,846,￥ 45 亿,New ~,李月中先生  52,"维尔利
行业：环保科技"
2015,846,￥ 45 亿,New ~,杨才学先生  51,"新洋丰
行业：肥料、化学产品"
2015,846,￥ 45 亿,167,柯建生先生  51,"索菲亚衣柜
行业：家具"
2015,846,￥ 45 亿,-24,冯东明先生  57,"美克
行业：家具、化工"
2015,846,￥ 45 亿,-184,李朝旺先生  57,"维达国际
行业：卫生用品"
2015,846,￥ 45 亿,New ~,郭永芳先生  70,"美亚柏科
行业：信息系统集成服务"
2015,846,￥ 45 亿,New ~,夏志生家族先生  74,"美大
行业：厨具"
2015,846,￥ 45 亿,-81,张雨柏先生  51,"蓝天贸易
行业：白酒"
2015,846,￥ 45 亿,-240,远勤山先生  47,"通达
行业：摩托车制造、销售"
2015,846,￥ 45 亿,-143,杨寿海先生  58,"红太阳
行业：农药、精细化工"
2015,846,￥ 45 亿,-342,孙珩超先生  55,"宝塔石化
行业：石油化工、机械"
2015,846,￥ 45 亿,New ~,叶小平先生  52,"泰格医药
行业：医药"
2015,846,￥ 45 亿,New ~,高毅先生  47,"益丰药房
行业：医药零售"
2015,846,￥ 45 亿,-81,陈润光父子先生  62,"光大地产
行业：房地产"
2015,846,￥ 45 亿,-314,邵法平先生  49,"绿都控股
行业：房地产"
2015,846,￥ 45 亿,-369,梁希森先生  60,"希森
行业：房地产、农业"
2015,846,￥ 45 亿,-369,莫浩棠家族先生  48,"三正
行业：房地产、投资"
2015,846,￥ 45 亿,-331,张三货先生  49,"昌通
行业：房地产、矿产"
2015,846,￥ 45 亿,-369,孙荫环家族先生  65,"亿达
行业：房地产、软件园"
2015,846,￥ 45 亿,-201,马如仁先生  48,"仁爱
行业：房地产、钢铁"
2015,846,￥ 45 亿,-314,徐步升家族先生  64,"群升
行业：防盗门、房地产、投资"
2015,846,￥ 45 亿,-81,沈学如、沈卿父女先生  61、女士  未知,"澳洋
行业：纺织、化纤"
2015,846,￥ 45 亿,New ~,丁明山、丁芬父女先生  58、女士  未知,"华力
行业：旅游、医疗、房地产"
2015,882,￥ 44 亿,131,顾云奎家族先生  78,"永鼎
行业：电缆、房地产"
2015,882,￥ 44 亿,-220,许小初先生  64,"亚邦投资
行业：化工、医药、房地产"
2015,882,￥ 44 亿,-618,马万良家族先生  69,"黄河
行业：煤炭、钢铁、畜牧"
2015,882,￥ 44 亿,New ~,彭浩先生  48,"信维通信
行业：通信设备"
2015,882,￥ 44 亿,131,张亦斌、马玲芝夫妇先生  51、女士  53,"新海宜
行业：通信设备"
2015,882,￥ 44 亿,-117,李伟先生  47,"思念食品
行业：食品、房地产"
2015,882,￥ 44 亿,New ~,王壮利先生  41,"利欧股份
行业：机械制造、投资"
2015,882,￥ 44 亿,-378,吴冠江先生  47,"智飞生物制品
行业：疫苗"
2015,882,￥ 44 亿,New ~,钟葱先生  40,"金一
行业：贵金属工艺品"
2015,882,￥ 44 亿,93,杜成城先生  49,"万顺股份
行业：包装材料"
2015,882,￥ 44 亿,-350,李立新先生  48,"利时
行业：塑胶产品、商业连锁、投资"
2015,882,￥ 44 亿,-623,曹曙先生  未知,"奇虎360
行业：软件"
2015,882,￥ 44 亿,274,赵福君、董泰湘夫妇先生  51、女士  51,"久其
行业：管理软件"
2015,882,￥ 44 亿,274,高万军家族先生  52,"新金钢铁
行业：钢铁"
2015,882,￥ 44 亿,-276,王子华先生  未知,"京奥港
行业：钢铁贸易、房地产、投资"
2015,882,￥ 44 亿,-220,尚吉永先生  47,"万达控股
行业：轮胎、电缆、化工"
2015,898,￥ 43 亿,New ~,熊晓鸽先生  60,"IDG资本
行业：风险投资"
2015,898,￥ 43 亿,77,潘来灿先生  未知,"海天味业
行业：食品"
2015,898,￥ 43 亿,-153,张瑜平先生  64,"新宇亨得利
行业：钟表连锁"
2015,898,￥ 43 亿,-153,王林祥先生  64,"鄂尔多斯
行业：羊绒、煤电、房地产"
2015,898,￥ 43 亿,-308,祝恩福、周岳陵夫妇先生  53、女士  52,"凯美特气
行业：化工、液体二氧化氮"
2015,898,￥ 43 亿,-502,华邦嵩先生  50,"惠生工程
行业：化工"
2015,898,￥ 43 亿,New ~,古少明先生  50,"宝鹰股份
行业：建筑装饰"
2015,898,￥ 43 亿,-195,郑玉莺先生  未知,"永新裕福
行业：保险"
2015,898,￥ 43 亿,-76,高天乐先生  52,"天正
行业：工业电器、房地产"
2015,898,￥ 43 亿,258,吴强华先生  46,"数字政通
行业：IT"
2015,898,￥ 43 亿,-383,李晓明先生  57,"秦龙
行业：矿、投资"
2015,898,￥ 43 亿,36,姚小青先生  50,"红日药业
行业：医药、生物制品"
2015,898,￥ 43 亿,8,张松山家族先生  54,"华邦制药
行业：医药"
2015,898,￥ 43 亿,258,周明华先生  51,"华海药业
行业：医药"
2015,898,￥ 43 亿,-308,寿柏年先生  53,"绿城
行业：房地产"
2015,898,￥ 43 亿,New ~,张建明先生  未知,"明宇实业
行业：房地产"
2015,898,￥ 43 亿,-439,郑松兴先生  53,"华南城
行业：房地产"
2015,898,￥ 43 亿,-133,易大盛先生  54,"富兴
行业：房地产、汽车销售、投资"
2015,898,￥ 43 亿,New ~,李晓波先生  未知,"信威
行业：无线通信"
2015,898,￥ 43 亿,-574,李学凌先生  42,"欢聚时代
行业：语音软件、游戏"
2015,918,￥ 42 亿,-200,涂建华先生  46,"广联达
行业：软件"
2015,918,￥ 42 亿,New ~,罗衍记、蒋丽夫妇先生  42、先生  39,"引力传媒
行业：广告"
2015,918,￥ 42 亿,147,许英灼先生  50,"海大
行业：饲料"
2015,918,￥ 42 亿,238,周志文、冯宇霞夫妇先生  50、女士  51,"舒泰神
行业：生物药品"
2015,918,￥ 42 亿,-359,吴建荣先生  58,"中南建设
行业：建筑、动漫"
2015,918,￥ 42 亿,New ~,邱建明先生  53,"得润电子
行业：电子产品"
2015,918,￥ 42 亿,-43,王中磊先生  45,"华谊
行业：影视娱乐"
2015,918,￥ 42 亿,New ~,刘庆峰先生  42,"科大讯飞
行业：软件和信息技术服务业"
2015,918,￥ 42 亿,New ~,刘虎军、熊瑾玉夫妇先生  45、女士  35,"联建光电
行业：LED"
2015,918,￥ 42 亿,New ~,李力先生  50,"爱尔眼科
行业：医疗"
2015,918,￥ 42 亿,-200,赵满堂先生  55,"盛达
行业：矿业、酒店"
2015,918,￥ 42 亿,95,刘德建先生  44,"网龙
行业：网络游戏、互联网应用开发"
2015,918,￥ 42 亿,-273,张芝庭、文邦英夫妇先生  71、女士  66,"神奇制药
行业：医药、酒店"
2015,918,￥ 42 亿,95,周德洪、周秀凤夫妇先生  53、女士  52,"宝利沥青
行业：沥青"
2015,918,￥ 42 亿,-153,王振华、王晓松父子先生  53、先生  28,"新城实业
行业：房地产"
2015,918,￥ 42 亿,-153,张耀垣先生  70,"碧桂园
行业：房地产"
2015,918,￥ 42 亿,-476,王长田、王树华父子先生  未知、先生  未知,"裕华钢铁
行业：钢铁"
2015,918,￥ 42 亿,New ~,刘迪先生  54,"三联虹普
行业：纺织化工"
2015,918,￥ 42 亿,New ~,李再春、李飚父子先生  未知、先生  45,"海特高新
行业：运输设备制造"
2015,918,￥ 42 亿,238,严俊旭先生  46,"天顺风能
行业：风电设备、船舶设备"
2015,938,￥ 41 亿,New ~,高宝林先生  未知,"万昌科技
行业：化工制造"
2015,938,￥ 41 亿,New ~,邱敏秀先生  70,"晶盛机电
行业：机电设备"
2015,938,￥ 41 亿,-379,武世荣家族先生  55,"万正
行业：公路经营、建筑、房地产"
2015,938,￥ 41 亿,New ~,朱晔先生  38,"天神互动
行业：IT"
2015,938,￥ 41 亿,-310,彭家华先生  57,"华嘉盛
行业：房地产、天然气、电动车"
2015,938,￥ 41 亿,218,黄文佳先生  45,"首航节能
行业：制冷设备"
2015,938,￥ 41 亿,-332,徐步云、陈江月夫妇先生  52、女士  未知,"步阳
行业：防盗门、电动车、房地产"
2015,938,￥ 41 亿,New ~,文开福先生  49,"合力泰
行业：触摸屏制造"
2015,938,￥ 41 亿,New ~,王书同先生  未知,"当代投资
行业：影视传媒"
2015,947,￥ 40 亿,-341,蒋茂远先生  64,"虎豹
行业：服装、房地产"
2015,947,￥ 40 亿,New ~,邵晓峰先生  50,"阿里巴巴、蚂蚁金服
行业：电子商务、金融服务"
2015,947,￥ 40 亿,New ~,李东生先生  58,"TCL
行业：电子产品"
2015,947,￥ 40 亿,New ~,黄有龙、赵薇夫妇先生  39、女士  39,行业：投资
2015,947,￥ 40 亿,-341,李勤夫先生  53,"九龙山
行业：房地产"
2015,947,￥ 40 亿,-319,陈育新先生  65,"华西希望
行业：农业、化工、房地产"
2015,947,￥ 40 亿,-319,赵永亮家族先生  58,"东达蒙古王
行业：农牧、房地产、基础建设"
2015,947,￥ 40 亿,-319,陈清水先生  57,"银鹭
行业：饮料、机械制造、房地产"
2015,947,￥ 40 亿,New ~,孙庆炎家族先生  64,"富春江通信
行业：电缆、热电"
2015,947,￥ 40 亿,-264,马韵升先生  未知,"京博控股
行业：化工、物流、贸易"
2015,947,￥ 40 亿,-388,高乃则家族先生  53,"兴茂
行业：煤炭"
2015,947,￥ 40 亿,-99,赖宁昌先生  46,"东凌
行业：食用油、房地产"
2015,947,￥ 40 亿,-125,肖志鸿、肖欢父女先生  61、女士  未知,"天鸿投资
行业：文化、投资"
2015,947,￥ 40 亿,New ~,何建斌家族先生  62,"派特罗尔
行业：钻井工程"
2015,947,￥ 40 亿,New ~,赵云文、赵晓东父子先生  65、先生  35,"天银机电
行业：电器配件"
2015,947,￥ 40 亿,New ~,曹建伟先生  37,"晶盛机电
行业：机电设备"
2015,947,￥ 40 亿,New ~,赵炳贤先生  52,"中证万融
行业：投资"
2015,947,￥ 40 亿,-244,蔡高校先生  41,"欧菲光
行业：电子元件研发、生产和销售"
2015,947,￥ 40 亿,New ~,古培坚先生  50,"易联众
行业：信息技术"
2015,947,￥ 40 亿,157,李新宇家族先生  50,"拓维信息
行业：互联网"
2015,947,￥ 40 亿,New ~,应书岭先生  34,"英雄互娱
行业：IT"
2015,947,￥ 40 亿,-125,杨宗义先生  51,"福中
行业：IT、医疗器械、房地产"
2015,947,￥ 40 亿,New ~,张京豫家族先生  47,"华鹏飞
行业：物流"
2015,947,￥ 40 亿,-285,郑胜涛家族先生  63,"神力
行业：机械制造、房地产、投资"
2015,947,￥ 40 亿,-285,刘海龙先生  66,"宏达
行业：冶金、化工、房地产"
2015,947,￥ 40 亿,-182,吴惠娣家族先生  未知,"丰立
行业：矿、钢铁贸易、码头"
2015,947,￥ 40 亿,118,郭金东先生  50,"金浦
行业：化工、房地产"
2015,947,￥ 40 亿,118,梁福东先生  56,"华仁药业
行业：医药"
2015,947,￥ 40 亿,66,潘国洲先生  未知,"达远投资
行业：医药"
2015,947,￥ 40 亿,New ~,陈祥楼、杨玉梅夫妇先生  46、女士  45,"全信股份
行业：光电传输材料"
2015,947,￥ 40 亿,-388,柴慧京先生  54,"国都地产
行业：房地产"
2015,947,￥ 40 亿,-388,陈承守先生  49,"新明投资
行业：房地产"
2015,947,￥ 40 亿,-388,王若雄先生  58,"天泰
行业：房地产"
2015,947,￥ 40 亿,-388,赵凯先生  未知,"成都会展中心
行业：房地产"
2015,947,￥ 40 亿,-388,李赶坡先生  66,"敬业
行业：钢铁"
2015,947,￥ 40 亿,-319,李家权、陈开琼夫妇先生  52、女士  未知,"龙蟒
行业：钛白粉、磷化工"
2015,983,￥ 39 亿,-161,程章文先生  50,"纽威股份
行业：阀门"
2015,983,￥ 39 亿,-161,陆斌先生  55,"纽威股份
行业：阀门"
2015,983,￥ 39 亿,-161,王保庆先生  58,"纽威股份
行业：阀门"
2015,983,￥ 39 亿,-161,席超先生  57,"纽威股份
行业：阀门"
2015,983,￥ 39 亿,30,李璟瑜、张志瑾夫妇先生  51、先生  50,"京威
行业：车内外饰件"
2015,983,￥ 39 亿,-424,高柱先生  58,"蒙发
行业：煤炭"
2015,983,￥ 39 亿,New ~,钟百胜先生  50,"腾邦
行业：商务服务"
2015,983,￥ 39 亿,-218,郭建刚先生  49,"东菱凯琴
行业：小家电"
2015,983,￥ 39 亿,New ~,李焕昌先生  46,"昌红科技
行业：模具"
2015,983,￥ 39 亿,82,胡继军先生  53,"梅花
行业：食用调味品"
2015,983,￥ 39 亿,New ~,黎俊东、李咏怡夫妇先生  未知、女士  未知,"粤丰环保
行业：环保"
2015,983,￥ 39 亿,-321,吴凯庭家族先生  未知,"万利达
行业：电子信息产品"
2015,983,￥ 39 亿,New ~,李玉国先生  56,"九台
行业：投资、房地产"
2015,983,￥ 39 亿,New ~,池燕明先生  49,"立思辰
行业：IT"
2015,983,￥ 39 亿,New ~,柯树泉家族先生  67,"太安堂
行业：医药"
2015,983,￥ 39 亿,New ~,吕仁高先生  54,"巨龙管业
行业：管道"
2015,983,￥ 39 亿,New ~,吴明厅家族先生  49,"锐奇股份
行业：电动工具"
2015,983,￥ 39 亿,-377,岑钊雄、李一萍夫妇先生  45、女士  未知,"时代地产
行业：房地产"
2015,983,￥ 39 亿,-338,赵志军先生  46,"天地控股
行业：房地产"
2015,983,￥ 39 亿,-49,李力先生  50,"神州泰岳
行业：软件"
2015,983,￥ 39 亿,-8,邹承慧先生  41,"爱康科技
行业：太阳能材料"
2015,983,￥ 39 亿,-541,徐万茂家族先生  70,"华茂
行业：文具、教育、房地产、金融"
2015,1005,￥ 38 亿,-528,徐小平先生  59,"真格基金
行业：投资"
2015,1005,￥ 38 亿,-71,郑钟南先生  66,"南洋电缆
行业：电线电缆"
2015,1005,￥ 38 亿,8,问泽鸿先生  50,"摩恩电气
行业：电缆"
2015,1005,￥ 38 亿,New ~,唐佛南、崔正南夫妇先生  70、先生  66,"共进股份
行业：通信设备"
2015,1005,￥ 38 亿,New ~,汪大维、王丹华夫妇先生  71、先生  未知,"共进股份
行业：通信设备"
2015,1005,￥ 38 亿,-183,刘海燕先生  未知,"大陆希望
行业：机械电气、能源化工、房地产"
2015,1005,￥ 38 亿,New ~,陆仁军先生  65,"柘中股份
行业：工程建设"
2015,1005,￥ 38 亿,New ~,开晓胜家族先生  51,"盛运
行业：通用设备制造业"
2015,1005,￥ 38 亿,-30,李学纯先生  60,"阜丰
行业：生物发酵产品"
2015,1005,￥ 38 亿,New ~,杨鹏威家族先生  33,"长海股份
行业：玻璃纤维制品"
2015,1005,￥ 38 亿,-183,汤巧莲先生  未知,"永新裕福
行业：保险"
2015,1005,￥ 38 亿,-183,郑泽良先生  未知,"永新裕福
行业：保险"
2015,1005,￥ 38 亿,-99,赵美光先生  53,"赤峰黄金
行业：金矿"
2015,1005,￥ 38 亿,New ~,魏平先生  55,"天神互动
行业：IT"
2015,1005,￥ 38 亿,New ~,杨圣辉先生  35,"中清龙图
行业：IT"
2015,1005,￥ 38 亿,New ~,李漫铁家族先生  47,"雷曼光电
行业：照明设备"
2015,1005,￥ 38 亿,New ~,郭景松、张晓玲夫妇先生  53、女士  55,"智慧松德
行业：机械制造"
2015,1005,￥ 38 亿,-528,陈学利先生  64,"威高
行业：医疗器械"
2015,1005,￥ 38 亿,-322,刘毅先生  48,"九安医疗
行业：医疗器械"
2015,1005,￥ 38 亿,New ~,林永贤先生  54,"昇兴股份
行业：金属产品"
2015,1005,￥ 38 亿,-157,包文东、吴开慧夫妇先生  55、女士  54,"东兴实业
行业：矿业"
2015,1005,￥ 38 亿,New ~,阮仁义、阮寿国父子先生  未知、先生  未知,"华谊嘉信
行业：营销咨询"
2015,1005,￥ 38 亿,New ~,王金书先生  58,"玉皇化工
行业：石油化工"
2015,1005,￥ 38 亿,New ~,李仙玉家族先生  61,"双鸽
行业：医药、投资"
2015,1005,￥ 38 亿,-240,郭荣、仲桂兰夫妇先生  未知、女士  未知,"紫鑫药业
行业：医药"
2015,1005,￥ 38 亿,-240,洪江游先生  51,"康芝药业
行业：医药"
2015,1005,￥ 38 亿,New ~,陶灵萍先生  45,"灵康控股
行业：医药"
2015,1005,￥ 38 亿,-240,李安平先生  53,"振东实业
行业：医药、石油、工程"
2015,1005,￥ 38 亿,-260,梁衍峰先生  50,"中庚
行业：房地产"
2015,1005,￥ 38 亿,-287,何克能、张秀元夫妇先生  51、女士  48,"伊美控股
行业：房地产、工业薄膜"
2015,1005,￥ 38 亿,-399,陈振华先生  未知,"浙江大华
行业：房地产、建筑、水电"
2015,1005,￥ 38 亿,-360,马成喜先生  59,"天津现代
行业：房地产、贸易、制造"
2015,1005,￥ 38 亿,-399,高元坤先生  57,"力诺
行业：太阳能产品、医药、投资"
2015,1005,￥ 38 亿,-399,宋德安先生  50,"德胜
行业：钢铁、矿产"
2015,1005,￥ 38 亿,-415,周永利先生  59,"永利
行业：轻纺、房地产、投资"
2015,1040,￥ 37 亿,-27,瞿建国先生  61,"开能环保
行业：环保设备"
2015,1040,￥ 37 亿,New ~,伍跃时先生  57,"隆平高科
行业：农业"
2015,1040,￥ 37 亿,64,曹积生、姜小鸿夫妇先生  55、女士  55,"益生股份
行业：养殖、饲料"
2015,1040,￥ 37 亿,-27,钱云宝先生  58,"恒宝股份
行业：磁卡执照"
2015,1040,￥ 37 亿,-134,徐广福、徐翔父子先生  未知、先生  未知,"大全
行业：电气设备制造、太阳能"
2015,1040,￥ 37 亿,New ~,杨斌先生  46,"金卡股份
行业：电子设备"
2015,1040,￥ 37 亿,-192,许伟明、徐琦夫妇先生  51、女士  48,"新力达
行业：电子制程、汽车服务、房产物业"
2015,1040,￥ 37 亿,116,杨振家族先生  53,"加加食品
行业：食品加工"
2015,1040,￥ 37 亿,-357,顾江生家族先生  42,"顾家工艺
行业：家具"
2015,1040,￥ 37 亿,New ~,姜天武先生  55,"梦洁家纺
行业：家纺"
2015,1040,￥ 37 亿,-412,陈礼明先生  未知,"昌明
行业：酒店管理"
2015,1040,￥ 37 亿,-134,商晓波、邓烨芳夫妇先生  41、女士  未知,"鸿路钢构
行业：金属结构制造业"
2015,1040,￥ 37 亿,-27,沈洁泳、沈金浩父子先生  未知、先生  52,"南方泵业
行业：水泵"
2015,1040,￥ 37 亿,New ~,莫建华先生  45,"滨江
行业：房地产"
2015,1040,￥ 37 亿,New ~,朱慧明先生  52,"滨江
行业：房地产"
2015,1040,￥ 37 亿,New ~,林建伟、张育政夫妇先生  49、女士  40,"中来股份
行业：太阳能材料"
2015,1040,￥ 37 亿,-65,胡扬忠先生  50,"海康威视
行业：视频监控产品"
2015,1040,￥ 37 亿,114,韩俊良先生  52,"华锐
行业：风力发电设备"
2015,1058,￥ 36 亿,-83,许健康家族先生  63,"宝龙
行业：房地产"
2015,1058,￥ 36 亿,New ~,黄培钊先生  55,"芭田股份
行业：化肥"
2015,1058,￥ 36 亿,-355,赵永明先生  57,"东达蒙古王
行业：农牧、房地产、基础建设"
2015,1058,￥ 36 亿,-471,王彦刚、李春花夫妇先生  未知、女士  未知,"保吉安
行业：兽药"
2015,1058,￥ 36 亿,New ~,邬建斌先生  35,"双林
行业：汽车零部件"
2015,1058,￥ 36 亿,-355,陈福成先生  43,"松芝股份
行业：汽车空调、房地产"
2015,1058,￥ 36 亿,New ~,吴子文、吴丽珠夫妇先生  50、女士  未知,"日上车轮
行业：汽车轮圈"
2015,1058,￥ 36 亿,New ~,马兴法先生  53,"天马轴承
行业：轴承"
2015,1058,￥ 36 亿,New ~,管建忠先生  47,"嘉化能源
行业：化工"
2015,1058,￥ 36 亿,New ~,杜江波家族先生  50,"君正
行业：煤电、金融投资"
2015,1058,￥ 36 亿,-210,朱其诚家族先生  70,"路鑫能源
行业：煤化工"
2015,1058,￥ 36 亿,New ~,管连平先生  49,"东方国信
行业：通信、计算机应用服务"
2015,1058,￥ 36 亿,New ~,戚建萍家族先生  51,"宏磊股份
行业：铜产品"
2015,1058,￥ 36 亿,New ~,童之磊先生  40,"中文在线
行业：文化"
2015,1058,￥ 36 亿,New ~,郭祥彬先生  46,"骅威股份
行业：文化娱乐"
2015,1058,￥ 36 亿,-236,鲁小均家族先生  55,"露笑
行业：电磁线、电机产品"
2015,1058,￥ 36 亿,New ~,黄舒婷家族女士  40,"好利来
行业：电子产品"
2015,1058,￥ 36 亿,98,王民、张永侠夫妇先生  56、女士  55,"利源精制
行业：铝型材"
2015,1058,￥ 36 亿,New ~,严圣军、茅洪菊夫妇先生  47、女士  47,"中国天楹
行业：垃圾发电"
2015,1058,￥ 36 亿,-355,汤亮先生  47,"奥盛
行业：综合"
2015,1058,￥ 36 亿,New ~,王寿纯、曲立荣夫妇先生  53、女士  52,"仙坛股份
行业：农牧业"
2015,1058,￥ 36 亿,New ~,刘安省先生  62,"口子窖
行业：白酒及玻璃制品"
2015,1058,￥ 36 亿,98,陈玉忠先生  49,"张化机
行业：机械制造"
2015,1058,￥ 36 亿,-430,许智明先生  51,"延长石油
行业：石油、能源"
2015,1058,￥ 36 亿,98,姜勇先生  47,"贵州百灵
行业：医药"
2015,1058,￥ 36 亿,-413,包计干先生  未知,"恒大置业
行业：商业地产"
2015,1058,￥ 36 亿,-452,林龙安、郭英兰夫妇先生  51、女士  45,"禹洲地产
行业：房地产"
2015,1058,￥ 36 亿,-236,林中先生  47,"旭辉
行业：房地产"
2015,1058,￥ 36 亿,-413,王云先生  51,"明泉
行业：房地产"
2015,1058,￥ 36 亿,-543,郭向东先生  53,"东兆长泰、重庆浙商投资
行业：房地产、投资"
2015,1058,￥ 36 亿,-313,陈五奎家族先生  57,"拓日新能源
行业：太阳能"
2015,1058,￥ 36 亿,New ~,郭鹏先生  未知,"普阳钢铁
行业：钢铁"
2015,1058,￥ 36 亿,-124,董才平先生  52,"中天钢铁
行业：钢铁、投资"
2015,1058,￥ 36 亿,-430,赵锐勇、赵非凡父子先生  61、先生  32,"长城
行业：影视传媒"
2015,1058,￥ 36 亿,New ~,杨飞家族先生  43,"中超电缆
行业：电线电缆"
2015,1093,￥ 35 亿,New ~,曾鸣先生  45,"阿里巴巴、蚂蚁金服
行业：电子商务、金融服务"
2015,1093,￥ 35 亿,New ~,戴珊先生  39,"阿里巴巴、蚂蚁金服
行业：电子商务、金融服务"
2015,1093,￥ 35 亿,New ~,姜鹏先生  42,"阿里巴巴、蚂蚁金服
行业：电子商务、金融服务"
2015,1093,￥ 35 亿,New ~,金建杭先生  46,"阿里巴巴、蚂蚁金服
行业：电子商务、金融服务"
2015,1093,￥ 35 亿,New ~,童文红先生  45,"阿里巴巴、蚂蚁金服
行业：电子商务、金融服务"
2015,1093,￥ 35 亿,New ~,王坚先生  53,"阿里巴巴、蚂蚁金服
行业：电子商务、金融服务"
2015,1093,￥ 35 亿,New ~,王帅先生  40,"阿里巴巴、蚂蚁金服
行业：电子商务、金融服务"
2015,1093,￥ 35 亿,New ~,吴泳铭先生  40,"阿里巴巴、蚂蚁金服
行业：电子商务、金融服务"
2015,1093,￥ 35 亿,New ~,张勇先生  未知,"阿里巴巴、蚂蚁金服
行业：电子商务、金融服务"
2015,1093,￥ 35 亿,-328,明金星先生  57,"大众食品
行业：肉制品"
2015,1093,￥ 35 亿,-431,欧亚平先生  53,"百仕达
行业：天然气、房地产"
2015,1093,￥ 35 亿,-328,许为平先生  未知,"总部基地
行业：房地产"
2015,1093,￥ 35 亿,-431,王大富先生  49,"鸿洲
行业：房地产、游艇会"
2015,1093,￥ 35 亿,-28,张勇、舒萍夫妇先生  44、女士  45,"海底捞
行业：餐饮"
2015,1093,￥ 35 亿,-448,杨龙忠先生  49,"比亚迪
行业：汽车、手机零部件、充电电池"
2015,1093,￥ 35 亿,New ~,李云春先生  53,"沃森
行业：生物制药"
2015,1093,￥ 35 亿,New ~,何燕先生  54,"国腾电子
行业：通信设备制造"
2015,1093,￥ 35 亿,New ~,曾胜强、许忠桂夫妇先生  52、女士  52,"证通电子
行业：计算机软件开发"
2015,1093,￥ 35 亿,-118,陈义和先生  52,"中油金鸿
行业：天然气"
2015,1093,￥ 35 亿,New ~,丁宏广、丁梅英夫妇先生  57、女士  56,"金海环境
行业：环保材料"
2015,1093,￥ 35 亿,New ~,郭茂先生  45,"再升科技
行业：玻璃纤维制品"
2015,1093,￥ 35 亿,11,李玉瑚家族先生  77,"麦趣尔
行业：食品"
2015,1093,￥ 35 亿,-534,林建华先生  57,"天喔
行业：食品"
2015,1093,￥ 35 亿,New ~,朱善玉先生  51,"伟明环保
行业：垃圾发电"
2015,1093,￥ 35 亿,New ~,霍焱先生  47,"卡普拉投资管理
行业：对冲基金"
2015,1093,￥ 35 亿,63,卢础其先生  66,"万和
行业：厨卫电器、投资"
2015,1093,￥ 35 亿,-218,林皓先生  49,"北信源
行业：信息安全"
2015,1093,￥ 35 亿,New ~,刘双广先生  50,"高新兴
行业：通信网络运维信息系统"
2015,1093,￥ 35 亿,-431,黄煜先生  46,"飞天诚信
行业：网络安全"
2015,1093,￥ 35 亿,-503,王迅行家族先生  未知,"环宇
行业：低压电器"
2015,1093,￥ 35 亿,-271,张恩荣、张云三父子先生  75、先生  53,"墨龙
行业：机械制造"
2015,1093,￥ 35 亿,New ~,秘波海先生  36,"正海
行业：磁材制造、触摸屏制造、投资"
2015,1093,￥ 35 亿,New ~,何启强、郭妙波夫妇先生  57、先生  未知,"长青
行业：工业、农业"
2015,1093,￥ 35 亿,11,邱光、齐雪霞夫妇先生  52、女士  40,"瑞凌股份
行业：焊割设备制造"
2015,1093,￥ 35 亿,New ~,石华山先生  47,"地尔汉宇
行业：家用电器及配件"
2015,1093,￥ 35 亿,New ~,杨保田家族先生  85,"红相电力
行业：仪表"
2015,1093,￥ 35 亿,-80,安旭先生  52,"斯莱克
行业：包装材料"
2015,1093,￥ 35 亿,63,伏彩云先生  未知,"达远投资
行业：医药"
2015,1093,￥ 35 亿,-271,张之君家族先生  68,"百强
行业：医药、房地产"
2015,1093,￥ 35 亿,-80,陈尧根先生  64,"亚太
行业：医药、房地产"
2015,1093,￥ 35 亿,New ~,张建浩先生  55,"赛象科技
行业：子午线轮胎"
2015,1093,￥ 35 亿,-431,周立成、戈亚琴夫妇先生  未知、女士  未知,"新誉
行业：轨道设备、风电设备"
2015,1093,￥ 35 亿,-328,莫剑荣家族先生  47,"保亿
行业：房地产"
2015,1093,￥ 35 亿,-159,易元保先生  63,"富兴
行业：房地产、汽车销售、投资"
2015,1093,￥ 35 亿,-431,梁志斌先生  50,"新世纪房地产
行业：房地产"
2015,1093,￥ 35 亿,-375,黄振达先生  68,"联泰
行业：基础建设、房地产"
2015,1093,￥ 35 亿,New ~,程少良先生  未知,"银泰
行业：房地产、矿"
2015,1093,￥ 35 亿,-245,杭河水、刘春香夫妇先生  50、女士  50,"奕淳
行业：船舶制造及运输、房地产、贸易"
2015,1093,￥ 35 亿,-328,陈晓红先生  47,"广联达
行业：软件"
2015,1093,￥ 35 亿,-348,包士金先生  56,"吉鑫机械
行业：风能设备"
2015,1093,￥ 35 亿,-328,陈茂春先生  63,"兴华财富
行业：钢铁"
2015,1093,￥ 35 亿,New ~,杨卫国先生  60,"百隆东方
行业：色纺纱"
2015,1093,￥ 35 亿,63,黄关林先生  49,"申洲针织
行业：纺织、服装"
2015,1093,￥ 35 亿,-187,单建明、鲍凤娇夫妇先生  55、女士  未知,"美欣达
行业：纺织、房地产、投资"
2015,1093,￥ 35 亿,-328,温育青先生  41,"大百汇
行业：烟草、房地产、白酒"
2015,1093,￥ 35 亿,New ~,章启忠家族先生  47,"亿利达
行业：风机"
2015,1149,￥ 34 亿,-84,钟发平先生  50,"科力远
行业：电池、新能源"
2015,1149,￥ 34 亿,7,茅惠新先生  50,"尤夫股份
行业：工业纤维"
2015,1149,￥ 34 亿,-466,席有良先生  55,"大明宫
行业：建材连锁、房地产"
2015,1149,￥ 34 亿,New ~,谢云凯家族先生  68,"派思股份
行业：工程设备"
2015,1149,￥ 34 亿,-327,胡德林、胡醇父子先生  64、先生  37,"电科院
行业：电器设备"
2015,1149,￥ 34 亿,-136,杨文江先生  43,"御银科技
行业：金融自助服务设备及软件"
2015,1149,￥ 34 亿,New ~,刘平山先生  61,"平潭发展
行业：林业"
2015,1149,￥ 34 亿,-136,吴春红、梁世平母子先生  77、先生  51,"视觉中国、中国智能交通
行业：网络素材、智能交通"
2015,1149,￥ 34 亿,New ~,刘国耀家族先生  53,"科远股份
行业：输电设备制造"
2015,1149,￥ 34 亿,-243,车宏莉先生  47,"三诺生物
行业：医疗器械"
2015,1149,￥ 34 亿,-243,李少波先生  50,"三诺生物
行业：医疗器械"
2015,1149,￥ 34 亿,New ~,罗邦毅、吕婕夫妇先生  48、女士  41,"永创智能
行业：包装设备"
2015,1149,￥ 34 亿,-84,张振武先生  49,"东辰控股
行业：石油化工、节能电力设备"
2015,1149,￥ 34 亿,New ~,李建国先生  51,"御嘉
行业：房地产、影视"
2015,1149,￥ 34 亿,-215,赵进宏家族先生  51,"金港
行业：房地产、煤化工"
2015,1149,￥ 34 亿,-559,陈建强先生  57,"华地国际
行业：百货零售"
2015,1149,￥ 34 亿,-543,王三耀先生  55,"东源宇龙王
行业：水务"
2015,1149,￥ 34 亿,New ~,乔秋生先生  50,"黄河
行业：金刚石"
2015,1149,￥ 34 亿,New ~,杜宣先生  52,"金证股份
行业：软件"
2015,1149,￥ 34 亿,New ~,赵剑先生  48,"金证股份
行业：软件"
2015,1149,￥ 34 亿,-84,张春霖先生  52,"巴安水务
行业：水处理"
2015,1170,￥ 33 亿,-14,刘振光家族先生  62,"龙宇燃油
行业：石油化工制品"
2015,1170,￥ 33 亿,-405,李兴浩先生  51,"志高
行业：家电制造"
2015,1170,￥ 33 亿,-809,杨元庆先生  51,"联想
行业：信息技术"
2015,1170,￥ 33 亿,-405,屠海鸣先生  54,"豪都房地产
行业：房地产"
2015,1170,￥ 33 亿,-452,宋玉庆先生  55,"中登
行业：房地产、石油化工"
2015,1170,￥ 33 亿,-264,王致勤、宋艳俊夫妇先生  51、女士  未知,"维格娜丝
行业：服装"
2015,1170,￥ 33 亿,New ~,钱高法家族先生  66,"宁波高发
行业：汽车零部件"
2015,1170,￥ 33 亿,New ~,潘先文家族先生  52,"三圣特材
行业：建筑材料"
2015,1170,￥ 33 亿,-452,芮福彬家族先生  67,"江南
行业：电缆"
2015,1170,￥ 33 亿,New ~,纪立军、张烈寅夫妇先生  44、女士  44,"安诺其
行业：化工"
2015,1170,￥ 33 亿,New ~,于伟先生  37,"高伟达
行业：通信、计算机应用服务"
2015,1170,￥ 33 亿,New ~,唐球、鄢建红夫妇先生  44、女士  44,"赢时胜
行业：计算机软件开发"
2015,1170,￥ 33 亿,New ~,刘军、刘翔父子先生  62、先生  36,"聚隆传动
行业：家用电器"
2015,1170,￥ 33 亿,New ~,赵彤宇先生  48,"光力科技
行业：电力及煤矿设备"
2015,1170,￥ 33 亿,-157,卢勤先生  55,"科达洁能
行业：节能环保等建材机械设备制造"
2015,1170,￥ 33 亿,New ~,林平涛家族先生  66,"佳隆股份
行业：食品"
2015,1170,￥ 33 亿,-66,方洪波先生  48,"美的
行业：家电制造"
2015,1170,￥ 33 亿,-14,薛伟成先生  57,"罗莱家纺
行业：家庭用品"
2015,1170,￥ 33 亿,-66,南存飞先生  46,"正泰
行业：工业电器、投资"
2015,1170,￥ 33 亿,-66,朱信敏先生  50,"正泰
行业：工业电器、投资"
2015,1170,￥ 33 亿,-322,代威先生  51,"大显
行业：电子信息产品"
2015,1170,￥ 33 亿,-236,富国平、杨小蔚夫妇先生  53、女士  47,"锦富新材
行业：光电显示薄膜器件"
2015,1170,￥ 33 亿,New ~,李光太先生  74,"威海广泰
行业：设备制造"
2015,1170,￥ 33 亿,New ~,伊廷雷先生  43,"金雷风电
行业：风电机械制造"
2015,1170,￥ 33 亿,-655,李新洲、吴茜夫妇先生  52、女士  未知,"先锋医药
行业：制药"
2015,1170,￥ 33 亿,New ~,林永保先生  47,"昇兴股份
行业：金属产品"
2015,1170,￥ 33 亿,New ~,谢建勇先生  45,"浙江永强
行业：户外用品"
2015,1170,￥ 33 亿,-322,王丹先生  未知,"绿新
行业：包装材料"
2015,1170,￥ 33 亿,-467,汪天祥、汪璐父子先生  59、先生  31,"福安药业
行业：医药"
2015,1170,￥ 33 亿,New ~,张金山先生  52,"飞凯材料
行业：光电材料"
2015,1170,￥ 33 亿,-14,黄若虹、施佳菲夫妇先生  52、女士  未知,"力高地产
行业：房地产"
2015,1170,￥ 33 亿,-157,张文中先生  53,"物美
行业：零售"
2015,1170,￥ 33 亿,-66,郭信平先生  50,"合众思壮
行业：卫星导航设备"
2015,1170,￥ 33 亿,New ~,郭留希先生  52,"郑州华晶
行业：金刚石"
2015,1170,￥ 33 亿,New ~,李洁仪先生  50,"金证股份
行业：软件"
2015,1170,￥ 33 亿,New ~,石旭刚先生  47,"中威电子
行业：软件开发"
2015,1170,￥ 33 亿,New ~,吴志雄先生  43,"南威软件
行业：软件开发"
2015,1170,￥ 33 亿,-425,吴建龙先生  48,"向日葵光能
行业：光伏产业"
2015,1170,￥ 33 亿,New ~,许金和、许建成父子先生  57、先生  34,"众和股份
行业：纺织"
2015,1209,￥ 32 亿,New ~,陆伟民、罗爱华夫妇先生  未知、女士  55,"康达尔
行业：农业、公用事业、房地产、投资"
2015,1209,￥ 32 亿,-491,盛军海家族先生  66,"罗蒙
行业：服装"
2015,1209,￥ 32 亿,New ~,陈伟雄、陈娜娜夫妇先生  37、先生  36,"柏堡龙
行业：服装"
2015,1209,￥ 32 亿,New ~,蒋学真、董晓燕夫妇先生  54、女士  54,"腾龙股份
行业：汽车配件"
2015,1209,￥ 32 亿,-491,成身棕先生  未知,"卓越航空
行业：飞机制造"
2015,1209,￥ 32 亿,New ~,史建伟家族先生  57,"南方轴承
行业：轴承制造"
2015,1209,￥ 32 亿,-334,车成聚先生  65,"齐翔石油化工
行业：化工"
2015,1209,￥ 32 亿,New ~,冯鑫先生  43,"暴风
行业：通信、计算机应用服务"
2015,1209,￥ 32 亿,-144,贾凌霞先生  42,"博尔电力
行业：配电系统"
2015,1209,￥ 32 亿,-144,钱毅清先生  42,"博尔电力
行业：配电系统"
2015,1209,￥ 32 亿,-53,杨建平、许惠芬夫妇先生  51、女士  44,"雪浪环境
行业：环保设备"
2015,1209,￥ 32 亿,New ~,江涛先生  52,"厚普股份
行业：机电设备制造"
2015,1209,￥ 32 亿,New ~,邵雨田先生  52,"南洋科技
行业：薄膜"
2015,1209,￥ 32 亿,-896,李建华、李晓奇父女先生  62、女士  未知,"威华
行业：地板"
2015,1209,￥ 32 亿,-491,陈明金先生  53,"金龙
行业：综合"
2015,1209,￥ 32 亿,New ~,高学明先生  57,"北方玻璃
行业：玻璃"
2015,1209,￥ 32 亿,-303,袁金华先生  56,"三一
行业：重型机械"
2015,1209,￥ 32 亿,New ~,任红军、钟超夫妇先生  48、女士  48,"汉威电子
行业：仪器仪表制造"
2015,1209,￥ 32 亿,New ~,陈士斌先生  49,"石英股份
行业：石英制品"
2015,1209,￥ 32 亿,New ~,唐灼林先生  52,"东方精工
行业：纸箱印刷机及配件"
2015,1209,￥ 32 亿,New ~,翁耀根家族先生  57,"华东重机
行业：重型机械制造"
2015,1209,￥ 32 亿,New ~,张磊、李晓楠夫妇先生  38、女士  37,"美晨科技
行业：机械制造"
2015,1209,￥ 32 亿,New ~,郑创发家族先生  69,"光华科技
行业：化工"
2015,1209,￥ 32 亿,New ~,卢粉、黄永波夫妇女士  55、先生  未知,"中润资源
行业：矿产、房地产"
2015,1209,￥ 32 亿,New ~,谢建平先生  43,"浙江永强
行业：户外用品"
2015,1209,￥ 32 亿,New ~,谢建强先生  40,"浙江永强
行业：户外用品"
2015,1209,￥ 32 亿,New ~,陈德康先生  64,"莎普爱思
行业：医药"
2015,1209,￥ 32 亿,New ~,李文美、王继华夫妇先生  53、女士  53,"万孚生物
行业：医药"
2015,1209,￥ 32 亿,-196,潘慧先生  53,"科伦药业
行业：制药"
2015,1209,￥ 32 亿,-491,高振东先生  50,"宝时得
行业：电动工具"
2015,1209,￥ 32 亿,-491,姚原先生  59,"铭源实业
行业：房地产、投资"
2015,1209,￥ 32 亿,-275,廖定海、廖文父子先生  52、先生  22,"中海达
行业：测绘地理信息技术装备"
2015,1209,￥ 32 亿,New ~,陈立军先生  未知,"三盛宏业
行业：航运、房地产"
2015,1209,￥ 32 亿,New ~,郭华强先生  59,"信雅达
行业：软件"
2015,1209,￥ 32 亿,-196,丁雅丽先生  未知,"安踏
行业：体育用品"
2015,1209,￥ 32 亿,New ~,陈雪玲先生  48,"晨光文具
行业：文具用品制造"
2015,1209,￥ 32 亿,-234,王文安先生  未知,"文安钢铁
行业：钢铁"
2015,1209,￥ 32 亿,-491,朱书成先生  47,"龙成
行业：钢铁"
2015,1209,￥ 32 亿,-53,周志江先生  65,"久立
行业：不锈钢管"
2015,1209,￥ 32 亿,New ~,陈尔容家族先生  69,"恒锋工具
行业：工具制造"
2015,1209,￥ 32 亿,New ~,姚国平先生  50,"银河天成
行业：输配电及控制设备、生物"
2015,1250,￥ 31 亿,New ~,李非文先生  未知,"沙钢
行业：钢铁"
2015,1250,￥ 31 亿,-505,张培良先生  51,"丛林
行业：铝业、水泥"
2015,1250,￥ 31 亿,New ~,陈邦锐、徐筱荷夫妇先生  52、女士  52,"天成自控
行业：汽车配件"
2015,1250,￥ 31 亿,-485,赵颖、王建军夫妇女士  44、先生  52,"中国宏泰
行业：市镇规划、开发"
2015,1250,￥ 31 亿,New ~,单银木先生  55,"杭萧钢构
行业：建材"
2015,1250,￥ 31 亿,-237,侯永旺先生  51,"鄂尔多斯
行业：羊绒、煤电、房地产"
2015,1250,￥ 31 亿,-185,邱建林先生  52,"恒逸
行业：化纤"
2015,1250,￥ 31 亿,-485,王力平先生  55,"首钢资源
行业：焦煤"
2015,1250,￥ 31 亿,New ~,宋鹰先生  50,"拓维信息
行业：通信服务"
2015,1250,￥ 31 亿,New ~,杜方家族先生  47,"奥维通信
行业：通信设备"
2015,1250,￥ 31 亿,New ~,钟烈华先生  66,"塔牌
行业：水泥"
2015,1250,￥ 31 亿,-94,金良顺先生  60,"精功
行业：建筑、装备制造、酒、投资"
2015,1250,￥ 31 亿,-344,杨天夫先生  54,"泰富电气
行业：电机设备"
2015,1250,￥ 31 亿,-94,赵继增、赵伟父子先生  60、先生  32,"利尔
行业：高温材料"
2015,1250,￥ 31 亿,-402,王冬雷先生  51,"德豪润达
行业：家用电器"
2015,1250,￥ 31 亿,New ~,胡庆周先生  47,"英唐智控
行业：IT"
2015,1250,￥ 31 亿,-485,姜龙先生  41,"歌尔声学
行业：声学及多媒体产品"
2015,1250,￥ 31 亿,New ~,刘弘先生  42,"乐视
行业：IT"
2015,1250,￥ 31 亿,New ~,陈再喜家族先生  70,"猛狮科技
行业：各类蓄电池"
2015,1250,￥ 31 亿,New ~,麦正辉先生  60,"长青
行业：工业、农业"
2015,1250,￥ 31 亿,-146,施卫东先生  47,"德力股份
行业：非金属矿物制品"
2015,1250,￥ 31 亿,New ~,肖行亦家族先生  51,"索菱股份
行业：车载音响设备制造"
2015,1250,￥ 31 亿,New ~,张华农、徐可蓉夫妇先生  53、女士  52,"雄韬股份
行业：电源零部件"
2015,1250,￥ 31 亿,-567,苏庭宝家族先生  61,"荣达矿业
行业：矿"
2015,1250,￥ 31 亿,New ~,刘亮先生  35,"游久游戏
行业：网络游戏开发"
2015,1250,￥ 31 亿,New ~,高树华、高会霞父女先生  68、女士  43,"常山
行业：医药"
2015,1250,￥ 31 亿,New ~,宋礼华先生  58,"安科生物
行业：医药制造业"
2015,1250,￥ 31 亿,-622,杨贰珠先生  57,"碧桂园
行业：房地产"
2015,1250,￥ 31 亿,-316,邹招斌先生  47,"维多利
行业：零售、房地产"
2015,1250,￥ 31 亿,New ~,吴培生、吴琼瑛父女先生  68、女士  43,"三力士
行业：橡胶制品"
2015,1250,￥ 31 亿,New ~,胡安君先生  44,"万邦达
行业：污水处理"
2015,1250,￥ 31 亿,New ~,金泯波先生  49,"金证股份
行业：软件"
2015,1250,￥ 31 亿,-94,朱江明先生  48,"大华技术
行业：软件开发、电子及通讯产品"
2015,1250,￥ 31 亿,New ~,林海峰先生  40,"东方日升
行业：太阳能"
2015,1250,￥ 31 亿,-237,王文默先生  59,"安踏
行业：体育用品"
2015,1250,￥ 31 亿,New ~,金鑫先生  48,"大金重工
行业：钢结构产品"
2015,1250,￥ 31 亿,-275,傅胜龙、速卫玲夫妇先生  53、女士  未知,"大汉控股
行业：钢材贸易、房地产"
2015,1250,￥ 31 亿,New ~,陈汉康、周珍夫妇先生  54、女士  未知,"康盛股份
行业：管材"
2015,1288,￥ 30 亿,New ~,刘振光先生  未知,"沙钢
行业：钢铁"
2015,1288,￥ 30 亿,-132,夏华先生  46,"依文
行业：服装"
2015,1288,￥ 30 亿,-523,段永平先生  54,"步步高
行业：电子产品、投资"
2015,1288,￥ 30 亿,-275,赖建平先生  未知,"海天味业
行业：食品"
2015,1288,￥ 30 亿,-313,张学信先生  68,"信发铝电
行业：电解铝、氧化铝"
2015,1288,￥ 30 亿,New ~,石碎标先生  75,"电光科技
行业：防爆设备"
2015,1288,￥ 30 亿,New ~,张泽民、梁怀宇夫妇先生  52、先生  未知,"星期六
行业：服装"
2015,1288,￥ 30 亿,-184,张江平先生  48,"太平鸟
行业：服装、家纺、贸易"
2015,1288,￥ 30 亿,New ~,王维东、许小菊夫妇先生  38、女士  35,"赢合科技
行业：自动化设备"
2015,1288,￥ 30 亿,New ~,邵恒先生  30,"世纪华通
行业：汽车零部件、投资"
2015,1288,￥ 30 亿,New ~,蒋伟、游捷夫妇先生  未知、女士  未知,"昊海生物
行业：生物医药"
2015,1288,￥ 30 亿,New ~,王成栋、王莹璞父子先生  62、先生  35,"双成药业
行业：生物制药"
2015,1288,￥ 30 亿,New ~,李广元先生  40,"明星电缆
行业：电缆"
2015,1288,￥ 30 亿,New ~,汤玉祥先生  61,"宇通客车
行业：汽车制造"
2015,1288,￥ 30 亿,-998,黄毅先生  52,"中升
行业：汽车销售"
2015,1288,￥ 30 亿,-275,王俊峰先生  52,"鄂尔多斯
行业：羊绒、煤电、房地产"
2015,1288,￥ 30 亿,-275,张银荣先生  61,"鄂尔多斯
行业：羊绒、煤电、房地产"
2015,1288,￥ 30 亿,-223,赵魁先生  55,"鄂尔多斯
行业：羊绒、煤电、房地产"
2015,1288,￥ 30 亿,-223,邱祥娟先生  未知,"恒逸
行业：化纤"
2015,1288,￥ 30 亿,-184,焦云家族先生  59,"宝泰隆
行业：煤炭"
2015,1288,￥ 30 亿,New ~,钱永耀先生  未知,"京天利
行业：通信、计算机应用服务"
2015,1288,￥ 30 亿,-523,吴海军家族先生  49,"新天下
行业：电脑及其配件"
2015,1288,￥ 30 亿,-184,徐之伟先生  62,"隆力奇
行业：日化用品"
2015,1288,￥ 30 亿,New ~,王健先生  45,"聚光科技
行业：检测仪器"
2015,1288,￥ 30 亿,New ~,袁仲雪先生  60,"青岛软控
行业：设备软件"
2015,1288,￥ 30 亿,-523,廖榕就先生  61,"太阳城
行业：教育、房地产"
2015,1288,￥ 30 亿,-184,张波、李乐霓夫妇先生  52、女士  51,"安居宝
行业：电子设备、安防服务"
2015,1288,￥ 30 亿,New ~,陈军、黄亚妮夫妇先生  45、女士  未知,"多喜爱
行业：家纺"
2015,1288,￥ 30 亿,New ~,李光荣先生  未知,"特华
行业：投资"
2015,1288,￥ 30 亿,New ~,邵学先生  54,"华宇
行业：IT"
2015,1288,￥ 30 亿,-223,万里鹏、万峰父子先生  72、先生  72,"华测检测
行业：第三方检测服务"
2015,1288,￥ 30 亿,New ~,梁伟先生  48,"金运激光
行业：激光与3D打印"
2015,1288,￥ 30 亿,New ~,冯毅先生  41,"天龙
行业：化工原料"
2015,1288,￥ 30 亿,-132,郑有全先生  61,"河南瑞贝卡
行业：假发制品"
2015,1288,￥ 30 亿,New ~,刘建申先生  未知,"国际医学
行业：医疗服务、连锁百货"
2015,1288,￥ 30 亿,-223,倪秉达先生  59,"顺络电子
行业：新型电子元件"
2015,1288,￥ 30 亿,New ~,王治军先生  37,"美盈森
行业：包装产品"
2015,1288,￥ 30 亿,-354,赵燕先生  未知,"福瑞达
行业：医药"
2015,1288,￥ 30 亿,New ~,艾路明先生  58,"武汉当代科技
行业：医药、房地产、教育、投资"
2015,1288,￥ 30 亿,-523,俞金坤先生  72,"金创
行业：轨道设备、房地产"
2015,1288,￥ 30 亿,-729,黄鸿明、黄昭纯夫妇先生  47、女士  未知,"创鸿
行业：房地产"
2015,1288,￥ 30 亿,-523,朱景辉先生  54,"闽泰
行业：房地产"
2015,1288,￥ 30 亿,-275,朱全祖、俞金花夫妇先生  55、女士  未知,"亚太实业
行业：房地产"
2015,1288,￥ 30 亿,-523,王伟斌先生  44,"双全
行业：房地产、艺术"
2015,1288,￥ 30 亿,-413,张国祥家族先生  65,"巨星控股
行业：房地产、建筑"
2015,1288,￥ 30 亿,-523,周金辉先生  未知,"中赫
行业：地产、矿业"
2015,1288,￥ 30 亿,-223,崔健先生  52,"东软载波
行业：计算机技术服务"
2015,1288,￥ 30 亿,New ~,骆建强先生  未知,"辰祥投资
行业：太阳能设备"
2015,1288,￥ 30 亿,-626,郭现生、韩录云夫妇先生  53、女士  53,"林州重机
行业：专业设备制造"
2015,1288,￥ 30 亿,-523,丁国雄先生  48,"乔丹体育
行业：体育用品"
2015,1288,￥ 30 亿,-523,叶新华先生  64,"元立金属制品
行业：钢铁、金属制品"
2015,1288,￥ 30 亿,-382,洪天祝先生  47,"天虹纺织
行业：纺织"
2015,1288,￥ 30 亿,-354,宛秋生、宛斌父子先生  53、先生  29,"三和纺织
行业：纺织"
2015,1288,￥ 30 亿,New ~,卢朝康先生  未知,"康德
行业：房地产"
2015,1342,￥ 29 亿,New ~,黄李厚先生  未知,"沙钢
行业：钢铁"
2015,1342,￥ 29 亿,New ~,吕兴平先生  52,"汇洁股份
行业：服装"
2015,1342,￥ 29 亿,New ~,颜昌绪、颜亚奇父子先生  67、先生  36,"国光股份
行业：农业化工"
2015,1342,￥ 29 亿,New ~,王盘荣家族先生  70,"中电电机
行业：发电机"
2015,1342,￥ 29 亿,-367,谭荣生家族先生  71,"东方电热
行业：电热元件"
2015,1342,￥ 29 亿,-186,曹宝华先生  60,"春风实业
行业：通用设备制造"
2015,1342,￥ 29 亿,-186,陈秀玉先生  62,"天广消防
行业：消防产品"
2015,1342,￥ 29 亿,New ~,黄作庆先生  50,"天宝股份
行业：食品"
2015,1342,￥ 29 亿,New ~,魏中浩先生  61,"爱普股份
行业：香精香料"
2015,1342,￥ 29 亿,New ~,胡黎明先生  52,"延华智能
行业：信息系统服务"
2015,1342,￥ 29 亿,New ~,王德言、王雪颖父女先生  77、先生  39,"中光防雷
行业：机械制造"
2015,1342,￥ 29 亿,-186,朱明虬先生  51,"思美传媒
行业：传媒"
2015,1342,￥ 29 亿,New ~,宋勇先生  52,"迪瑞医疗
行业：医疗器械"
2015,1342,￥ 29 亿,New ~,王先成先生  57,"金诚信
行业：采矿管理"
2015,1342,￥ 29 亿,New ~,刘伟先生  41,"华谊嘉信
行业：营销咨询"
2015,1342,￥ 29 亿,New ~,王廷春、赵伶俐夫妇先生  51、女士  50,"博济医药
行业：药品研发"
2015,1342,￥ 29 亿,New ~,王耀方先生  62,"千红制药
行业：制药"
2015,1342,￥ 29 亿,New ~,潘建根、孟欣夫妇先生  50、女士  未知,"远方光电
行业：光电检测设备"
2015,1342,￥ 29 亿,New ~,伊洪卫先生  50,"岭南园林
行业：园林景观工程"
2015,1342,￥ 29 亿,-238,杜克荣家族先生  61,"鑫茂
行业：房地产、通讯设备、投资"
2015,1342,￥ 29 亿,New ~,安梅先生  未知,"神州泰岳
行业：软件"
2015,1342,￥ 29 亿,New ~,刘宁先生  52,"卫宁软件
行业：软件开发"
2015,1342,￥ 29 亿,New ~,王宁先生  28,"神州泰岳
行业：软件"
2015,1342,￥ 29 亿,-329,荀建华先生  53,"亿晶光电
行业：太阳能电池组件"
2015,1342,￥ 29 亿,-408,吴金裱先生  52,"百宏实业
行业：纺织"
2015,1342,￥ 29 亿,-277,郭华彬先生  25,"耀升钨业
行业：钨矿、旅游、酒店"
2015,1342,￥ 29 亿,-467,杨龙先生  50,"祥云飞龙实业
行业：铅锌矿"
2015,1369,￥ 28 亿,New ~,黄继满先生  未知,"沙钢
行业：钢铁"
2015,1369,￥ 28 亿,New ~,李强先生  未知,"沙钢
行业：钢铁"
2015,1369,￥ 28 亿,New ~,朱峥先生  未知,"沙钢
行业：钢铁"
2015,1369,￥ 28 亿,New ~,卜范胜先生  62,"航新科技
行业：航天航空设备制造"
2015,1369,￥ 28 亿,New ~,刘长杰先生  56,"龙泉股份
行业：水泥制品"
2015,1369,￥ 28 亿,New ~,邱奕博先生  28,"恒逸
行业：化纤"
2015,1369,￥ 28 亿,-463,李世勇先生  未知,"英轩实业
行业：柠檬酸、食用酒精"
2015,1369,￥ 28 亿,-304,马国利先生  48,"成功
行业：原煤、汽车、航空"
2015,1369,￥ 28 亿,New ~,刘江山家族先生  56,"龙星
行业：炭黑、塑料制品"
2015,1369,￥ 28 亿,New ~,王长春先生  47,"长亮科技
行业：计算机软硬件开发"
2015,1369,￥ 28 亿,New ~,赵壁生、赵辉父子先生  未知、先生  41,"金圆控股
行业：水泥"
2015,1369,￥ 28 亿,New ~,吴锡盾、池锦华夫妇先生  52、女士  53,"天际股份
行业：家用小电器"
2015,1369,￥ 28 亿,New ~,陈涛、刘春兰夫妇先生  43、女士  未知,"胜宏科技
行业：新型电子器件"
2015,1369,￥ 28 亿,New ~,李忠先生  47,"国联水产
行业：水产"
2015,1369,￥ 28 亿,-394,徐桂芬家族先生  65,"煌上煌
行业：食品加工"
2015,1369,￥ 28 亿,-394,江斌先生  48,"金达威
行业：保健品"
2015,1369,￥ 28 亿,New ~,庞惠民先生  49,"大立科技
行业：红外热产品"
2015,1369,￥ 28 亿,New ~,费占波先生  49,"新天科技
行业：仪器仪表制造"
2015,1369,￥ 28 亿,-686,穆麒茹先生  64,"兆泰
行业：投资、房地产"
2015,1369,￥ 28 亿,-304,张童生先生  51,"人本
行业：机械制造、零售"
2015,1369,￥ 28 亿,-394,徐捷、徐小捷母女先生  51、女士  未知,"凤凰医疗
行业：医疗服务"
2015,1369,￥ 28 亿,-435,周举东、狄蓉夫妇先生  47、女士  未知,"浩源燃气
行业：天然气"
2015,1369,￥ 28 亿,New ~,代琳先生  39,"游久游戏
行业：网络游戏开发"
2015,1369,￥ 28 亿,-213,陈潮钿、王木红夫妇先生  50、女士  未知,"东方锆业
行业：有色金属"
2015,1369,￥ 28 亿,New ~,刘树林先生  58,"九州通
行业：医药流通"
2015,1369,￥ 28 亿,New ~,刘兆年先生  55,"九州通
行业：医药流通"
2015,1369,￥ 28 亿,New ~,李守军先生  52,"瑞普生物
行业：医药制造业"
2015,1369,￥ 28 亿,-686,李西廷先生  64,"迈瑞
行业：医疗电子"
2015,1369,￥ 28 亿,New ~,李振国先生  55,"友博药业
行业：医药"
2015,1369,￥ 28 亿,New ~,娄竞先生  未知,"三生制药
行业：医药"
2015,1369,￥ 28 亿,-521,林凯文、陈素珍夫妇先生  49、女士  未知,"凯泉泵业
行业：泵业"
2015,1369,￥ 28 亿,-494,史英文先生  50,"荣和
行业：房地产"
2015,1369,￥ 28 亿,-394,孙茵先生  未知,"天朗
行业：房地产"
2015,1369,￥ 28 亿,-521,王廷月先生  50,"嘉铭
行业：房地产"
2015,1369,￥ 28 亿,New ~,吴振海先生  未知,"天山实业
行业：房地产"
2015,1369,￥ 28 亿,New ~,吴振岭先生  未知,"天山实业
行业：房地产"
2015,1369,￥ 28 亿,New ~,吴振山先生  未知,"天山实业
行业：房地产"
2015,1369,￥ 28 亿,-265,郑强家族先生  35,"中润置业
行业：房地产、矿产"
2015,1369,￥ 28 亿,New ~,张振海先生  未知,"天山实业
行业：房地产"
2015,1369,￥ 28 亿,-304,丁佐宏先生  53,"月星
行业：房地产、零售、制造"
2015,1369,￥ 28 亿,New ~,黄卿乐先生  40,"首航节能
行业：制冷设备"
2015,1369,￥ 28 亿,New ~,何道峰先生  59,"昆明百货
行业：百货零售"
2015,1369,￥ 28 亿,-213,蔺新亮家族先生  50,"科瑞钢板
行业：钢材"
2015,1369,￥ 28 亿,-304,冬瑞芹、付嵩洋母子先生  53、先生  未知,"瑞丰钢铁
行业：钢铁"
2015,1369,￥ 28 亿,-304,陈陆文先生  52,"金广
行业：不锈钢制造、镍铬合金制品"
2015,1369,￥ 28 亿,-521,宋继明先生  57,"西水
行业：轮胎、化工"
2015,1369,￥ 28 亿,-435,石昌佳家族先生  62,"洁丽雅
行业：毛巾、内衣"
2015,1416,￥ 27 亿,-788,张德安先生  49,"永达汽车
行业：汽车零售"
2015,1416,￥ 27 亿,New ~,鲁三平先生  未知,"大洋电机
行业：微特电机生产"
2015,1416,￥ 27 亿,-482,王树清先生  58,"西郊庄园
行业：房地产"
2015,1416,￥ 27 亿,-260,童文其先生  59,"其亚铝业
行业：铝业"
2015,1416,￥ 27 亿,New ~,林升智先生  65,"汇洁股份
行业：服装"
2015,1416,￥ 27 亿,New ~,郭明明先生  53,"东南网架
行业：建筑材料"
2015,1416,￥ 27 亿,New ~,蔡廷祥、吴淡珠夫妇先生  50、女士  42,"长城
行业：陶瓷"
2015,1416,￥ 27 亿,-312,安勇先生  未知,"天宇创新
行业：煤炭、房地产"
2015,1416,￥ 27 亿,New ~,霍卫平先生  45,"东方国信
行业：通信、计算机应用服务"
2015,1416,￥ 27 亿,New ~,柯宗贵先生  46,"蓝盾股份
行业：计算机软硬件"
2015,1416,￥ 27 亿,New ~,柯宗庆先生  59,"蓝盾股份
行业：计算机软硬件开发"
2015,1416,￥ 27 亿,-541,杨勇先生  43,"龙文
行业：教育"
2015,1416,￥ 27 亿,New ~,束龙胜先生  52,"鑫龙电器
行业：电气机械及器材制造业"
2015,1416,￥ 27 亿,New ~,梁健锋先生  50,"超华科技
行业：电子元件"
2015,1416,￥ 27 亿,New ~,陈海昌先生  未知,"保千里
行业：电子安防"
2015,1416,￥ 27 亿,-974,林伟华、钟琼绮夫妇先生  62、女士  未知,"信利国际
行业：平板显示"
2015,1416,￥ 27 亿,New ~,王沫先生  41,"德尔家居
行业：家具制造"
2015,1416,￥ 27 亿,-260,薛伟斌先生  51,"罗莱家纺
行业：家庭用品"
2015,1416,￥ 27 亿,New ~,孔德永先生  46,"万好万家
行业：投资"
2015,1416,￥ 27 亿,-260,厉伟、崔京涛夫妇先生  48、女士  48,"深港产学研创业投资
行业：投资"
2015,1416,￥ 27 亿,New ~,石波涛先生  37,"天神互动
行业：IT"
2015,1416,￥ 27 亿,New ~,陈合林家族先生  59,"爱仕达
行业：厨具"
2015,1416,￥ 27 亿,New ~,柳胜军先生  46,"豪迈科技
行业：机械制造"
2015,1416,￥ 27 亿,New ~,张乔敏家族先生  76,"隆基机械
行业：机械制造"
2015,1416,￥ 27 亿,New ~,郑建军先生  65,"大豪
行业：制造"
2015,1416,￥ 27 亿,-441,闫晓平先生  46,"伊品生物工程
行业：味精、赖氨酸"
2015,1416,￥ 27 亿,-260,邓颖忠家族先生  64,"中顺洁柔
行业：生活用纸"
2015,1416,￥ 27 亿,-441,沈仁兴、沈滨父子先生  未知、先生  未知,"华机
行业：造纸设备"
2015,1416,￥ 27 亿,-482,叶哲华、叶健父子先生  66、先生  38,"昆仑控股
行业：房地产、建筑、投资"
2015,1416,￥ 27 亿,-541,白凤鸣家族先生  未知,"鑫通
行业：房地产、矿"
2015,1416,￥ 27 亿,New ~,何愿平先生  49,"碧水源
行业：污水处理"
2015,1416,￥ 27 亿,New ~,吕世平先生  50,"福鞍股份
行业：铸钢件"
2015,1416,￥ 27 亿,-312,刘一川先生  70,"丰林
行业：木材加工及木制品业"
2015,1416,￥ 27 亿,New ~,黄河清、吴月华夫妇先生  53、女士  52,"万里扬
行业：变速箱"
2015,1416,￥ 27 亿,New ~,朱朝阳先生  50,"柳州医药
行业：医药批发"
2015,1451,￥ 26 亿,New ~,章苏阳先生  57,"IDG资本
行业：风险投资"
2015,1451,￥ 26 亿,New ~,周全先生  58,"IDG资本
行业：风险投资"
2015,1451,￥ 26 亿,New ~,段佩璋、方小琴夫妇先生  43、女士  未知,"龙韵股份
行业：广告"
2015,1451,￥ 26 亿,New ~,卢挺富先生  44,"大生
行业：农业"
2015,1451,￥ 26 亿,New ~,张许科先生  52,"普莱克
行业：生物工程"
2015,1451,￥ 26 亿,New ~,刘俊辉先生  46,"沃森
行业：生物制药"
2015,1451,￥ 26 亿,New ~,王志清、段雪琴夫妇先生  50、女士  未知,"清水源
行业：化工产品"
2015,1451,￥ 26 亿,New ~,刘海祥先生  未知,"恒东
行业：煤炭"
2015,1451,￥ 26 亿,-686,王兴春先生  51,"永晖焦煤
行业：煤炭"
2015,1451,￥ 26 亿,New ~,郭新平先生  52,"益倍
行业：计算机系统开发"
2015,1451,￥ 26 亿,New ~,刘德宏先生  50,"华录百纳
行业：文化"
2015,1451,￥ 26 亿,New ~,赵马克先生  46,"力源信息
行业：电子元器件"
2015,1451,￥ 26 亿,New ~,李洪国先生  42,"联创节能
行业：节能材料制造"
2015,1451,￥ 26 亿,-603,丹宏家族先生  未知,"五得利
行业：面粉"
2015,1451,￥ 26 亿,New ~,张清海先生  60,"科迪
行业：食品制造业"
2015,1451,￥ 26 亿,New ~,宫学斌、宫明杰父子先生  78、先生  53,"龙大肉食
行业：食品加工"
2015,1451,￥ 26 亿,-576,宋琳家族先生  34,"新朋实业
行业：零配件"
2015,1451,￥ 26 亿,New ~,陈续华先生  68,"中科金财
行业：IT"
2015,1451,￥ 26 亿,New ~,廖木枝先生  69,"潮宏基
行业：珠宝"
2015,1451,￥ 26 亿,-295,李旭亮、温琦夫妇先生  49、女士  40,"勤上光电
行业：LED"
2015,1451,￥ 26 亿,New ~,程上楠、张湘文夫妇先生  68、女士  未知,"光洋股份
行业：机械零部件"
2015,1451,￥ 26 亿,New ~,赵瑞宾先生  51,"曲美
行业：制造"
2015,1451,￥ 26 亿,New ~,赵瑞海先生  50,"曲美
行业：制造"
2015,1451,￥ 26 亿,New ~,李五令先生  59,"蒙发利
行业：医疗器械"
2015,1451,￥ 26 亿,New ~,邹剑寒先生  46,"蒙发利
行业：医疗器械"
2015,1451,￥ 26 亿,New ~,吉兴业家族先生  56,"兴业
行业：矿、化工"
2015,1451,￥ 26 亿,New ~,李良彬先生  48,"赣锋锂业
行业：有色金属冶炼加工"
2015,1451,￥ 26 亿,New ~,叶颖涛先生  40,"掌趣
行业：网络游戏"
2015,1451,￥ 26 亿,-603,曲乃杰先生  51,"海昌
行业：石油化工贸易、物流、房地产、旅游"
2015,1451,￥ 26 亿,-545,崔连国先生  49,"久泰
行业：石油化工"
2015,1451,￥ 26 亿,-347,汪力成先生  55,"华立
行业：医药、投资"
2015,1451,￥ 26 亿,New ~,李一奎先生  64,"东宝实业
行业：医药"
2015,1451,￥ 26 亿,New ~,刘令安先生  55,"汉森制药
行业：医药"
2015,1451,￥ 26 亿,New ~,叶湘武先生  63,"景峰医药
行业：医药"
2015,1451,￥ 26 亿,New ~,张庆华先生  41,"方盛制药
行业：医药"
2015,1451,￥ 26 亿,-545,厉育平先生  53,"大自然
行业：房地产"
2015,1451,￥ 26 亿,-904,仰智慧、徐宁夫妇先生  43、女士  36,"蓝鼎
行业：房地产"
2015,1451,￥ 26 亿,-789,郑大报先生  63,"华南城
行业：房地产"
2015,1451,￥ 26 亿,-295,杨秋、杨振鑫父子先生  未知、先生  37,"恒鑫
行业：房地产、投资"
2015,1451,￥ 26 亿,-576,丁水波先生  45,"特步
行业：体育用品"
2015,1451,￥ 26 亿,-545,许景南家族先生  60,"匹克
行业：体育用品"
2015,1451,￥ 26 亿,New ~,张国春家族先生  未知,"春兴
行业：钢铁"
2015,1451,￥ 26 亿,New ~,陈书智先生  52,"普路通
行业：电子信息"
2015,1451,￥ 26 亿,New ~,孟宪民先生  52,"恒信移动
行业：移动商务"
2015,1451,￥ 26 亿,New ~,尉文渊先生  60,"华锐
行业：风力发电设备"
2015,1496,￥ 25 亿,-431,洪维华先生  57,"明华
行业：房地产、医药、投资"
2015,1496,￥ 25 亿,New ~,井贤栋先生  43,"阿里巴巴、蚂蚁金服
行业：电子商务、金融服务"
2015,1496,￥ 25 亿,New ~,彭翼捷先生  36,"阿里巴巴、蚂蚁金服
行业：电子商务、金融服务"
2015,1496,￥ 25 亿,New ~,武卫先生  48,"阿里巴巴、蚂蚁金服
行业：电子商务、金融服务"
2015,1496,￥ 25 亿,New ~,俞思瑛先生  40,"阿里巴巴、蚂蚁金服
行业：电子商务、金融服务"
2015,1496,￥ 25 亿,-340,李连杰、利智夫妇先生  52、女士  未知,"远东控股
行业：投资、娱乐"
2015,1496,￥ 25 亿,-340,周连奎先生  65,"大众食品
行业：肉制品"
2015,1496,￥ 25 亿,-340,周连良先生  62,"大众食品
行业：肉制品"
2015,1496,￥ 25 亿,-483,韩真发先生  62,"正业
行业：生猪养殖加工、兽药疫苗、商业地产"
2015,1496,￥ 25 亿,New ~,戴卫东先生  47,"国民投资
行业：房地产"
2015,1496,￥ 25 亿,-793,潘慰先生  59,"味千拉面
行业：餐饮连锁"
2015,1496,￥ 25 亿,-340,朱相桂先生  66,"森达
行业：鞋"
2015,1496,￥ 25 亿,-562,曾小山先生  70,"曾氏企业
行业：电解铝、氧化铝、铝材"
2015,1496,￥ 25 亿,New ~,林永飞家族先生  47,"卡奴迪路
行业：服装"
2015,1496,￥ 25 亿,New ~,王佶先生  44,"世纪华通
行业：汽车零部件、投资"
2015,1496,￥ 25 亿,New ~,黄志明先生  54,"新筑投资
行业：桥梁"
2015,1496,￥ 25 亿,New ~,叶利明家族先生  56,"盛洋科技
行业：电缆"
2015,1496,￥ 25 亿,New ~,刘召贵、杜颖莉夫妇先生  53、女士  44,"天瑞仪器
行业：化学仪器"
2015,1496,￥ 25 亿,New ~,沈锡强家族先生  67,"雅克科技
行业：化工新材料"
2015,1496,￥ 25 亿,-648,刘洪林先生  64,"三木
行业：化工、铜加工、电线电缆"
2015,1496,￥ 25 亿,-621,屈全大先生  未知,"宏盛能源
行业：煤炭"
2015,1496,￥ 25 亿,New ~,曹忻军先生  44,"飞利信
行业：通信、计算机应用服务"
2015,1496,￥ 25 亿,New ~,陈向军先生  51,"银之杰
行业：计算机软硬件"
2015,1496,￥ 25 亿,New ~,李军先生  45,"银之杰
行业：计算机软硬件"
2015,1496,￥ 25 亿,New ~,徐永寿先生  60,"塔牌
行业：水泥"
2015,1496,￥ 25 亿,New ~,张能勇先生  52,"塔牌
行业：水泥"
2015,1496,￥ 25 亿,-483,姚奎章先生  50,"养元智汇
行业：饮料"
2015,1496,￥ 25 亿,New ~,张新先生  53,"特变电工
行业：电气机械及器材制造业"
2015,1496,￥ 25 亿,New ~,梁俊丰先生  52,"超华科技
行业：电子元件"
2015,1496,￥ 25 亿,New ~,赵东明先生  51,"禾盛新材
行业：电子材料"
2015,1496,￥ 25 亿,-731,陆廷秀先生  55,"中电电气
行业：变压器、光伏"
2015,1496,￥ 25 亿,-431,邢翰学、吴剑鸣夫妇先生  49、女士  48,"开尔新材
行业：搪瓷材料"
2015,1496,￥ 25 亿,-340,徐少春先生  52,"金蝶软件
行业：财务软件"
2015,1496,￥ 25 亿,-392,林秀浩先生  53,"黑牛食品
行业：豆奶粉、麦片"
2015,1496,￥ 25 亿,New ~,邰正彪家族先生  51,"泰尔重工
行业：专用设备制造业"
2015,1496,￥ 25 亿,-340,周福贵先生  53,"三一
行业：重型机械"
2015,1496,￥ 25 亿,-521,李萍先生  64,"丹邦科技
行业：柔性覆合铜板、液晶聚合导体"
2015,1496,￥ 25 亿,New ~,郭力先生  未知,"鼎晖
行业：投资"
2015,1496,￥ 25 亿,New ~,唐越先生  44,"蓝山资本
行业：投资"
2015,1496,￥ 25 亿,New ~,蔡迦先生  69,"中科金财
行业：IT"
2015,1496,￥ 25 亿,New ~,茅庆江先生  51,"浩云科技
行业：安防系统"
2015,1496,￥ 25 亿,New ~,郑海涛先生  51,"数码视讯
行业：IT"
2015,1496,￥ 25 亿,New ~,朱明跃先生  41,"猪八戒
行业：互联网"
2015,1496,￥ 25 亿,New ~,邢运波先生  67,"天润曲轴
行业：机械制造"
2015,1496,￥ 25 亿,New ~,周旭辉先生  47,"金亚科技
行业：设备制造"
2015,1496,￥ 25 亿,-964,周锦明先生  50,"潜能恒信
行业：石油技术"
2015,1496,￥ 25 亿,New ~,樊献俄先生  63,"龙津药业
行业：医药"
2015,1496,￥ 25 亿,New ~,陶灵刚先生  47,"灵康控股
行业：医药"
2015,1496,￥ 25 亿,New ~,由守谊家族先生  54,"东诚药业
行业：医药"
2015,1496,￥ 25 亿,-340,张益胜先生  59,"益盛药业
行业：医药"
2015,1496,￥ 25 亿,New ~,赵鸿富、赵叶青父子先生  66、先生  39,"金城医药
行业：医药"
2015,1496,￥ 25 亿,New ~,孙耀志先生  64,"宛西制药
行业：制药、汽车配件"
2015,1496,￥ 25 亿,-562,何锐平先生  52,"丰泰
行业：房地产"
2015,1496,￥ 25 亿,-483,胡葆森家族先生  65,"建业
行业：房地产"
2015,1496,￥ 25 亿,-483,杨龙飞先生  50,"勒泰
行业：房地产"
2015,1496,￥ 25 亿,-562,吴泉水先生  未知,"泉舜
行业：房地产、金融"
2015,1496,￥ 25 亿,-562,姚湧先生  58,"铭源实业
行业：房地产、投资"
2015,1496,￥ 25 亿,New ~,陈念慈先生  64,"三江购物
行业：零售"
2015,1496,￥ 25 亿,New ~,陈亦力先生  51,"碧水源
行业：污水处理"
2015,1496,￥ 25 亿,New ~,王婷婷先生  未知,"万邦达
行业：污水处理"
2015,1496,￥ 25 亿,-621,赵思朕先生  未知,"康达环保
行业：污水处理"
2015,1496,￥ 25 亿,-621,李进先生  45,"李宁
行业：体育用品、投资"
2015,1496,￥ 25 亿,-392,赖可宾先生  49,"永凯实业
行业：制糖、房地产"
2015,1496,￥ 25 亿,-521,戚建尔先生  52,"富丽达
行业：纺织"
2015,1496,￥ 25 亿,-562,张荣明先生  未知,"爱慕
行业：内衣"
2015,1561,￥ 24 亿,-548,叶明钦家族先生  55,"金港控股、伊力诺依
行业：汽车公园"
2015,1561,￥ 24 亿,New ~,陈启源、万玉华夫妇先生  未知、女士  未知,"霸王
行业：日化用品"
2015,1561,￥ 24 亿,New ~,朱莉芝先生  未知,"九鼎
行业：投资"
2015,1561,￥ 24 亿,-586,叶国富先生  38,"哎呀呀
行业：饰品零售连锁"
2015,1561,￥ 24 亿,-457,王栋先生  51,"大禹节水
行业：农、林、牧、渔、水利业机械制造业"
2015,1561,￥ 24 亿,New ~,高利民家族先生  60,"海利得
行业：化纤"
2015,1561,￥ 24 亿,-586,刘丞霖先生  51,"蒙古能源
行业：煤炭、包机服务"
2015,1561,￥ 24 亿,-796,高文志先生  51,"星光
行业：煤炭"
2015,1561,￥ 24 亿,-843,张双旺家族先生  72,"伊泰
行业：煤炭"
2015,1561,￥ 24 亿,New ~,卢先锋、徐佩飞夫妇先生  45、女士  42,"先锋新材
行业：复合材料"
2015,1561,￥ 24 亿,-548,沈凤飞家族先生  58,"华成
行业：建筑、房地产、投资"
2015,1561,￥ 24 亿,-457,楼国强、陆小咪夫妇先生  58、女士  未知,"金田投资
行业：铜加工、贸易"
2015,1561,￥ 24 亿,New ~,陶军先生  41,"众兴菌业
行业：食用菌"
2015,1561,￥ 24 亿,New ~,刘延生、史彩霞夫妇先生  59、女士  52,"远东传动
行业：机电产品、成套设备"
2015,1561,￥ 24 亿,New ~,刘祥先生  48,"新国都
行业：电子产品"
2015,1561,￥ 24 亿,-586,任文家族先生  未知,"智美
行业：体育娱乐、影视"
2015,1561,￥ 24 亿,New ~,林科先生  53,"三聚环保
行业：环保产业"
2015,1561,￥ 24 亿,New ~,倪明亮先生  51,"环能科技
行业：环保服务"
2015,1561,￥ 24 亿,New ~,张桂丰先生  52,"龙马环卫
行业：环卫设备"
2015,1561,￥ 24 亿,New ~,金卫东先生  52,"禾丰牧业
行业：饲料"
2015,1561,￥ 24 亿,-548,黄丽泰先生  未知,"利安达
行业：城市燃气、服装、房地产开发"
2015,1561,￥ 24 亿,New ~,刘磅先生  52,"达实智能
行业：信息设备"
2015,1561,￥ 24 亿,New ~,王辉、刘健夫妇先生  48、女士  42,"银江股份
行业：信息技术服务"
2015,1561,￥ 24 亿,New ~,张庆文、戴芙蓉夫妇先生  45、女士  42,"邦讯
行业：IT"
2015,1561,￥ 24 亿,New ~,周建林先生  44,"明家科技
行业：IT"
2015,1561,￥ 24 亿,New ~,林洺锋先生  41,"洲明科技
行业：LED"
2015,1561,￥ 24 亿,-586,乔天明先生  66,"剑南春
行业：白酒"
2015,1561,￥ 24 亿,New ~,石政民先生  69,"先锋电子
行业：燃气表"
2015,1561,￥ 24 亿,New ~,田畴、蒋小荣夫妇先生  45、先生  43,"金莱特
行业：灯饰及配件"
2015,1561,￥ 24 亿,New ~,俞建模、俞洋父子先生  69、先生  38,"三垒机器
行业：机械制造"
2015,1561,￥ 24 亿,New ~,林永龙先生  56,"昇兴股份
行业：金属产品"
2015,1561,￥ 24 亿,-627,王辉先生  30,"华泽钴镍
行业：有色金属、机械制造"
2015,1561,￥ 24 亿,-405,郭光华、秦丽婧夫妇先生  61、女士  50,"新华龙
行业：钼矿"
2015,1561,￥ 24 亿,New ~,王信恩先生  65,"恒邦
行业：有色金属"
2015,1561,￥ 24 亿,New ~,刘祥先生  48,"游久游戏
行业：网络游戏开发"
2015,1561,￥ 24 亿,New ~,朱伟松先生  33,"游族网络
行业：网络游戏开发"
2015,1561,￥ 24 亿,-496,叶芳先生  未知,"岚桥工贸
行业：石油化工、木材加工、贸易"
2015,1561,￥ 24 亿,-405,辛会来先生  未知,"卓正
行业：房地产"
2015,1561,￥ 24 亿,-627,茅永红先生  61,"百步亭
行业：房地产、造船"
2015,1561,￥ 24 亿,New ~,陈钦鹏先生  44,"齐心
行业：文具"
2015,1561,￥ 24 亿,New ~,刘文丰先生  52,"文丰钢铁
行业：钢铁"
2015,1561,￥ 24 亿,-586,高峰先生  44,"华冶钢铁
行业：钢铁贸易"
2015,1561,￥ 24 亿,New ~,张文东先生  48,"漫步者
行业：音响设备"
2015,1561,￥ 24 亿,-586,李圣法先生  60,"恒丰橡塑
行业：轮胎、橡胶制造"
2015,1561,￥ 24 亿,New ~,郭启寅、袁向阳夫妇先生  65、女士  53,"GQY视讯
行业：视讯产品"
2015,1561,￥ 24 亿,New ~,宋济隆、许丽萍夫妇先生  52、女士  50,"东力股份
行业：传动设备"
2015,1607,￥ 23 亿,-503,张幼才先生  61,"鹿鸣谷
行业：投资、房地产"
2015,1607,￥ 23 亿,New ~,徐海明先生  52,"大洋电机
行业：微特电机生产"
2015,1607,￥ 23 亿,New ~,刘本忠先生  未知,"沙钢
行业：钢铁"
2015,1607,￥ 23 亿,-451,王召明家族先生  46,"蒙草抗旱
行业：牧草"
2015,1607,￥ 23 亿,-542,赵长水先生  58,"齐星
行业：铝产品深加工、电力通讯铁塔"
2015,1607,￥ 23 亿,New ~,唐岳先生  52,"楚天科技
行业：汽车制造"
2015,1607,￥ 23 亿,New ~,高小离先生  48,"华力创通
行业：通信、计算机应用服务"
2015,1607,￥ 23 亿,New ~,孙成文先生  51,"浩丰
行业：通信、计算机应用服务"
2015,1607,￥ 23 亿,New ~,朱宏韬先生  45,"九阳
行业：小家电"
2015,1607,￥ 23 亿,New ~,胡刚先生  46,"华录百纳
行业：文化"
2015,1607,￥ 23 亿,New ~,潘建清、杜海利夫妇先生  52、女士  未知,"天通控股
行业：电子材料、光伏电池"
2015,1607,￥ 23 亿,New ~,赵敏、邢连鲜夫妇先生  58、女士  57,"宝德股份
行业：能源自动化设备制造"
2015,1607,￥ 23 亿,-594,田其祥先生  52,"巨能控股
行业：食品、钢铁、房地产"
2015,1607,￥ 23 亿,-594,莫志明家族先生  71,"名冠
行业：房地产、制造"
2015,1607,￥ 23 亿,New ~,冯涛先生  48,"上海永宣
行业：投资"
2015,1607,￥ 23 亿,New ~,刘新发先生  56,"中油天宝
行业：投资、钢管、机械"
2015,1607,￥ 23 亿,New ~,姚宏先生  35,"微贷网
行业：互联网金融"
2015,1607,￥ 23 亿,New ~,李志江家族先生  58,"万润科技
行业：LED"
2015,1607,￥ 23 亿,New ~,林旺南、詹谏醒夫妇先生  50、先生  36,"南兴股份
行业：生产销售建筑工具"
2015,1607,￥ 23 亿,New ~,吴海宏先生  62,"大豪
行业：制造"
2015,1607,￥ 23 亿,New ~,徐金富先生  51,"天赐材料
行业：化学原料制品"
2015,1607,￥ 23 亿,-594,袁志伦先生  51,"博赛矿业
行业：矿业"
2015,1607,￥ 23 亿,New ~,陈雪华先生  54,"华友钴业
行业：有色金属"
2015,1607,￥ 23 亿,New ~,张杰、林旭曦夫妇先生  53、女士  49,"安妮股份
行业：纸制品"
2015,1607,￥ 23 亿,New ~,刘绥华先生  未知,"科伦药业
行业：医药"
2015,1607,￥ 23 亿,New ~,王代雪先生  60,"北陆
行业：医药"
2015,1607,￥ 23 亿,-594,肖伟先生  56,"康缘药业
行业：医药"
2015,1607,￥ 23 亿,New ~,王爱国、徐波夫妇先生  46、女士  34,"国恩股份
行业：塑料制造"
2015,1607,￥ 23 亿,New ~,李从文、赵文凤夫妇先生  46、女士  39,"文科园林
行业：园林"
2015,1607,￥ 23 亿,-732,区学铭先生  66,"碧桂园
行业：房地产"
2015,1607,￥ 23 亿,-451,朱沐之先生  57,"新南方
行业：房地产、医药"
2015,1607,￥ 23 亿,New ~,梁辉先生  52,"碧水源
行业：污水处理"
2015,1607,￥ 23 亿,-632,陈忠孝家族先生  62,"常平
行业：钢铁、煤炭"
2015,1607,￥ 23 亿,New ~,杨俊斌、周伊凡夫妇先生  55、女士  未知,"富煌
行业：钢结构、食品"
2015,1607,￥ 23 亿,New ~,杨华先生  50,"盛路通信
行业：通讯器材"
2015,1642,￥ 22 亿,-577,张涌先生  49,"林凤
行业：投资"
2015,1642,￥ 22 亿,New ~,金洁先生  未知,"沙钢
行业：钢铁"
2015,1642,￥ 22 亿,New ~,燕卫民先生  未知,"沙钢
行业：钢铁"
2015,1642,￥ 22 亿,New ~,陈晓、林萍夫妇先生  46、女士  49,"温州宏丰
行业：合金材料"
2015,1642,￥ 22 亿,New ~,谢识才先生  54,"博威合金
行业：合金材料"
2015,1642,￥ 22 亿,New ~,邢加兴先生  43,"拉夏贝尔
行业：服装"
2015,1642,￥ 22 亿,-538,姚建华、朱崇恽夫妇先生  59、女士  51,"恩情投资
行业：服装、投资"
2015,1642,￥ 22 亿,New ~,邓喜军先生  49,"博实股份
行业：自动化设备"
2015,1642,￥ 22 亿,New ~,朱蓉娟、彭韬夫妇先生  未知、女士  未知,"北海国发
行业：生物资源综合开发、加工"
2015,1642,￥ 22 亿,New ~,李建锋先生  46,"中核华原钛白
行业：化学原料及化学制品制造业"
2015,1642,￥ 22 亿,-538,丁文祥家族先生  未知,"特弘
行业：煤炭"
2015,1642,￥ 22 亿,New ~,陈金岳、周利娜夫妇先生  51、女士  37,"怡诺鲍斯
行业：压缩机"
2015,1642,￥ 22 亿,New ~,易贤忠、关玉婵夫妇先生  56、女士  未知,"七喜控股
行业：计算机"
2015,1642,￥ 22 亿,New ~,周红卫先生  48,"润和软件
行业：计算件软硬件"
2015,1642,￥ 22 亿,New ~,李国平先生  53,"鸿利光电
行业：电子器件"
2015,1642,￥ 22 亿,New ~,马成章先生  68,"鸿利光电
行业：电子器件"
2015,1642,￥ 22 亿,-486,袁明先生  52,"同洲电子
行业：电子产品、计算机软、硬件及其应用网络产品"
2015,1642,￥ 22 亿,New ~,宋七棣先生  58,"科林环保
行业：环保设备"
2015,1642,￥ 22 亿,-486,柯永开先生  49,"福马食品
行业：食品、金融"
2015,1642,￥ 22 亿,New ~,朱善银先生  53,"伟明环保
行业：垃圾发电"
2015,1642,￥ 22 亿,New ~,许泓家族先生  49,"海得控制
行业：工业自动化"
2015,1642,￥ 22 亿,New ~,胡成国先生  未知,"德力西
行业：工业电器、房地产"
2015,1642,￥ 22 亿,New ~,曹勇先生  未知,"乐视
行业：IT"
2015,1642,￥ 22 亿,New ~,洪爱金先生  43,"初灵信息
行业：信息服务"
2015,1642,￥ 22 亿,-577,贾跃芳先生  52,"乐视
行业：IT"
2015,1642,￥ 22 亿,New ~,贾跃民先生  未知,"乐视
行业：IT"
2015,1642,￥ 22 亿,New ~,刘迎建、徐冬青夫妇先生  62、女士  56,"汉王
行业：IT"
2015,1642,￥ 22 亿,New ~,杨维国先生  51,"新开普
行业：软件和信息技术服务业"
2015,1642,￥ 22 亿,New ~,何吉伦先生  未知,"联建光电
行业：LED"
2015,1642,￥ 22 亿,New ~,姚卜文家族先生  79,"东杰智能
行业：物流设备、自动化生产线"
2015,1642,￥ 22 亿,New ~,王志全先生  52,"神州高铁
行业：设备制造、技术服务"
2015,1642,￥ 22 亿,-486,梅鹤康家族先生  59,"江南实业
行业：冶金、建筑装饰、机械加工"
2015,1642,￥ 22 亿,-736,王坚先生  52,"西藏5100
行业：矿泉水"
2015,1642,￥ 22 亿,-486,刘典平先生  未知,"巨典
行业：矿"
2015,1642,￥ 22 亿,New ~,竺韵德先生  67,"韵升控股
行业：电机制造"
2015,1642,￥ 22 亿,New ~,于国权先生  55,"长青股份
行业：农药"
2015,1642,￥ 22 亿,-667,连良桂先生  46,"滨海浙商
行业：房地产"
2015,1642,￥ 22 亿,-667,苏汝波先生  60,"碧桂园
行业：房地产"
2015,1642,￥ 22 亿,New ~,王鹤鸣、王轶磊父子先生  66、先生  33,"广宇
行业：房地产"
2015,1642,￥ 22 亿,-486,王宝军先生  46,"宏运
行业：房地产、零售"
2015,1642,￥ 22 亿,New ~,郑淑芳先生  未知,"东百
行业：零售"
2015,1642,￥ 22 亿,-538,曹永贵、许丽夫妇先生  53、女士  45,"金贵银业
行业：银加工"
2015,1642,￥ 22 亿,-486,陈一舟先生  46,"人人
行业：SNS网站"
2015,1642,￥ 22 亿,-577,李登龙、李世伟父子先生  55、先生  34,"谷神生物科技
行业：大豆加工"
2015,1642,￥ 22 亿,New ~,许开华、王敏夫妇先生  49、女士  56,"格林美
行业：文具"
2015,1642,￥ 22 亿,New ~,曹坚先生  51,"常宝股份
行业：钢管"
2015,1642,￥ 22 亿,New ~,谢保军先生  53,"恒星科技
行业：钢丝、金属制品"
2015,1642,￥ 22 亿,New ~,张茂义先生  52,"健盛
行业：纺织"
2015,1690,￥ 21 亿,New ~,邵建佳先生  50,"海印股份
行业：房地产、矿、化工"
2015,1690,￥ 21 亿,-534,姚明先生  35,"姚明
行业：娱乐"
2015,1690,￥ 21 亿,New ~,龚盛先生  未知,"沙钢
行业：钢铁"
2015,1690,￥ 21 亿,New ~,黄培劲先生  51,"神农大丰
行业：农业"
2015,1690,￥ 21 亿,-534,王桂波先生  51,"新郎希努尔
行业：服装"
2015,1690,￥ 21 亿,New ~,林道藩夫妇先生  54,"松发股份
行业：陶瓷制品"
2015,1690,￥ 21 亿,New ~,王传华家族先生  53,"阳谷华泰
行业：化工制造"
2015,1690,￥ 21 亿,New ~,朱星河家族先生  53,"江西恒大
行业：化学制品制造业"
2015,1690,￥ 21 亿,-586,奥凤廷先生  56,"蒙泰
行业：煤炭"
2015,1690,￥ 21 亿,-534,张小明先生  38,"明华能源
行业：煤炭"
2015,1690,￥ 21 亿,-586,倪明镜家族先生  未知,"山路能源
行业：煤炭、光伏"
2015,1690,￥ 21 亿,-815,舒策城先生  46,"五洲
行业：商业地产"
2015,1690,￥ 21 亿,New ~,沈继业先生  48,"绿盟
行业：通信、计算机应用服务"
2015,1690,￥ 21 亿,New ~,王琦先生  49,"华力创通
行业：通信、计算机应用服务"
2015,1690,￥ 21 亿,-586,周泊霖先生  62,"宏光好运来
行业：建筑、房地产、餐饮娱乐"
2015,1690,￥ 21 亿,New ~,庄辰超先生  39,"去哪儿
行业：电子商务"
2015,1690,￥ 21 亿,New ~,赵积清先生  63,"惠伦晶体
行业：新型电子元器件"
2015,1690,￥ 21 亿,New ~,金祖铭、金志峰父子先生  69、先生  44,"江南嘉捷
行业：电梯"
2015,1690,￥ 21 亿,New ~,陈永弟、沈少玲夫妇先生  51、女士  51,"彩虹精化
行业：环保材料"
2015,1690,￥ 21 亿,New ~,陈作涛先生  45,"天壕节能
行业：环保"
2015,1690,￥ 21 亿,-586,王勇、王棣父子先生  65、先生  32,"西王
行业：食品、钢铁"
2015,1690,￥ 21 亿,-586,李继和先生  71,"明珠国际
行业：家居连锁、房地产"
2015,1690,￥ 21 亿,New ~,严建文先生  48,"合锻股份
行业：锻压设备制造业"
2015,1690,￥ 21 亿,-586,迟家升先生  55,"星网宇达
行业：惯性技术"
2015,1690,￥ 21 亿,New ~,彭朋先生  66,"东方网络
行业：仪器仪表制造、互联网服务"
2015,1690,￥ 21 亿,New ~,胡晓玲先生  44,"鼎晖
行业：投资"
2015,1690,￥ 21 亿,New ~,林栋梁先生  53,"IDG资本
行业：投资"
2015,1690,￥ 21 亿,New ~,王霖先生  未知,"鼎晖
行业：投资"
2015,1690,￥ 21 亿,New ~,王振宇先生  未知,"鼎晖
行业：投资"
2015,1690,￥ 21 亿,New ~,刘开同先生  未知,"中科金财
行业：IT"
2015,1690,￥ 21 亿,New ~,丁毅家族先生  63,"诺力股份
行业：机械制造"
2015,1690,￥ 21 亿,New ~,何清华先生  69,"山河智能
行业：机械制造"
2015,1690,￥ 21 亿,New ~,汪南东先生  62,"江粉磁材
行业：磁性材料元件"
2015,1690,￥ 21 亿,New ~,王晶华先生  69,"尤洛卡
行业：安全监测仪器制造"
2015,1690,￥ 21 亿,-677,李艳军、李子威父子先生  51、先生  28,"恒实
行业：铁矿"
2015,1690,￥ 21 亿,-534,王海军先生  未知,"万通石油化工
行业：石油化工"
2015,1690,￥ 21 亿,-534,王军先生  50,"万通石油化工
行业：石油化工"
2015,1690,￥ 21 亿,-586,王学清、侯效梅夫妇先生  未知、女士  46,"鲁清石化
行业：石油化工"
2015,1690,￥ 21 亿,New ~,吕钢先生  53,"京新药业
行业：医药"
2015,1690,￥ 21 亿,New ~,唐勇先生  52,"迈克生物
行业：医疗（体外诊断）"
2015,1690,￥ 21 亿,-1028,周立新先生  未知,"新誉
行业：轨道设备、风电设备"
2015,1690,￥ 21 亿,New ~,林雪莺先生  未知,"阳光城
行业：房地产"
2015,1690,￥ 21 亿,-815,颜进先生  未知,"星耀
行业：房地产"
2015,1690,￥ 21 亿,-625,王国庆先生  53,"百益龙
行业：房地产、香料"
2015,1690,￥ 21 亿,-586,刘灿放先生  61,"九洲投资
行业：房地产、投资"
2015,1690,￥ 21 亿,New ~,包志方先生  55,"宝通带业
行业：橡胶制造"
2015,1690,￥ 21 亿,New ~,吴涛先生  61,"华策影视
行业：影视传媒"
2015,1690,￥ 21 亿,-586,宋士德先生  未知,"盛泰
行业：轮胎"
2015,1738,￥ 20 亿,New ~,赵令欢先生  52,"弘毅投资
行业：投资"
2015,1738,￥ 20 亿,-634,王明夫先生  49,"和君
行业：咨询、投资"
2015,1738,￥ 20 亿,-582,薛方全先生  60,"民生能源
行业：能源、房地产"
2015,1738,￥ 20 亿,-916,俞渝、李国庆夫妇女士  50、先生  51,"当当网
行业：网络零售"
2015,1738,￥ 20 亿,New ~,喻晓春先生  52,"百润
行业：香精香料"
2015,1738,￥ 20 亿,New ~,柳传志先生  71,"联想
行业：IT"
2015,1738,￥ 20 亿,New ~,冯仑先生  56,"万通
行业：房地产"
2015,1738,￥ 20 亿,-582,易小迪先生  51,"阳光100
行业：房地产"
2015,1738,￥ 20 亿,-1331,杨休先生  54,"天地
行业：房地产、博物馆"
2015,1738,￥ 20 亿,New ~,张雷先生  53,"当代
行业：房地产"
2015,1738,￥ 20 亿,New ~,张江波先生  47,"太平鸟
行业：服装、家纺、贸易"
2015,1738,￥ 20 亿,-582,黄宗敏先生  57,"三和
行业：汽车修理、汽车零售连锁"
2015,1738,￥ 20 亿,New ~,曲道奎先生  54,"机器人
行业：自动化装备"
2015,1738,￥ 20 亿,New ~,王永洁先生  81,"博实股份
行业：自动化设备"
2015,1738,￥ 20 亿,New ~,张玉春先生  50,"博实股份
行业：自动化设备"
2015,1738,￥ 20 亿,-1279,李斌先生  41,"易车网
行业：汽车营销服务"
2015,1738,￥ 20 亿,New ~,曹明芳、曹克波父子先生  71、先生  46,"模塑科技
行业：汽车零部件、塑料制品"
2015,1738,￥ 20 亿,New ~,王东晓、路牡丹夫妇先生  63、女士  未知,"金河
行业：生物添加剂"
2015,1738,￥ 20 亿,New ~,孙志强先生  56,"恒通
行业：建筑材料"
2015,1738,￥ 20 亿,New ~,夏崇耀、袁黎雨夫妇先生  56、先生  55,"东方电缆
行业：电缆"
2015,1738,￥ 20 亿,-1148,李国强先生  51,"中升
行业：汽车销售"
2015,1738,￥ 20 亿,-582,张兴海先生  52,"小康控股
行业：汽车、汽车零配件"
2015,1738,￥ 20 亿,New ~,郝续宽先生  57,"维信
行业：羊绒"
2015,1738,￥ 20 亿,New ~,魏勇先生  49,"利君股份
行业：水泥、设备制造"
2015,1738,￥ 20 亿,New ~,林福椿家族先生  68,"冠福股份
行业：陶瓷制品、房地产"
2015,1738,￥ 20 亿,New ~,黄伟波家族先生  64,"西陇化工
行业：化工"
2015,1738,￥ 20 亿,New ~,徐传化先生  80,"传化
行业：化工、农业、投资"
2015,1738,￥ 20 亿,-1076,杨华岭先生  54,"佳泰
行业：涂料化工"
2015,1738,￥ 20 亿,New ~,朱守琛家族先生  59,"建新
行业：化工"
2015,1738,￥ 20 亿,New ~,朱双全先生  51,"鼎龙
行业：化工产品"
2015,1738,￥ 20 亿,New ~,朱顺全先生  47,"鼎龙
行业：化工产品"
2015,1738,￥ 20 亿,-725,李玉珍先生  61,"金逸影视
行业：电影院线、房地产"
2015,1738,￥ 20 亿,-673,滕道春家族先生  未知,"天裕能源
行业：焦煤"
2015,1738,￥ 20 亿,New ~,李安民先生  70,"山西安泰控股
行业：煤炭、化工"
2015,1738,￥ 20 亿,New ~,连广明家族先生  61,"西蒙
行业：煤炭、房地产"
2015,1738,￥ 20 亿,New ~,陈洪顺先生  61,"飞利信
行业：通信、计算机应用服务"
2015,1738,￥ 20 亿,New ~,张志勇、张敏夫妇先生  52、女士  48,"梅泰诺
行业：通信"
2015,1738,￥ 20 亿,New ~,李瑞杰、张云霞夫妇先生  48、先生  50,"中青宝
行业：计算机软件开发"
2015,1738,￥ 20 亿,New ~,魏恺言先生  52,"兆日科技
行业：计算机软硬件开发"
2015,1738,￥ 20 亿,New ~,杜国楹先生  42,"壹人壹本
行业：平板电脑"
2015,1738,￥ 20 亿,New ~,彭倩先生  44,"塔牌
行业：水泥"
2015,1738,￥ 20 亿,-582,陈志樟先生  49,"五洋建设
行业：建筑、房地产"
2015,1738,￥ 20 亿,-634,王永泉先生  66,"中成控股
行业：建筑、房地产、投资"
2015,1738,￥ 20 亿,New ~,郭建强先生  47,"东菱凯琴
行业：小家电"
2015,1738,￥ 20 亿,-582,骆伟栋家族先生  42,"金辉
行业：铜加工"
2015,1738,￥ 20 亿,New ~,吴铁先生  50,"蓝色光标
行业：传播文化"
2015,1738,￥ 20 亿,New ~,许志平先生  53,"蓝色光标
行业：传播文化"
2015,1738,￥ 20 亿,New ~,赵文权先生  45,"蓝色光标
行业：传播文化"
2015,1738,￥ 20 亿,New ~,陈良华先生  53,"蓝色光标
行业：传播文化"
2015,1738,￥ 20 亿,-582,严玉德先生  未知,"德瑞企业发展
行业：教育、房地产"
2015,1738,￥ 20 亿,New ~,陈伟林先生  未知,"特变电工
行业：电气机械及器材制造业"
2015,1738,￥ 20 亿,New ~,赵坚、赵康父子先生  51、先生  29,"金利华电
行业：电气"
2015,1738,￥ 20 亿,New ~,胡敏先生  55,"新联电子
行业：电子仪器"
2015,1738,￥ 20 亿,New ~,张频先生  49,"安居宝
行业：电子设备、安防服务"
2015,1738,￥ 20 亿,New ~,吕晓义先生  60,"惠程电气
行业：电力电缆"
2015,1738,￥ 20 亿,New ~,蒋陆峰先生  43,"柘中股份
行业：工程建设"
2015,1738,￥ 20 亿,New ~,陈克明先生  63,"克明面业
行业：食品"
2015,1738,￥ 20 亿,-634,李永军先生  48,"喜之郎
行业：休闲食品"
2015,1738,￥ 20 亿,-725,石克荣先生  58,"三河汇福
行业：食品"
2015,1738,￥ 20 亿,-582,叶红汉先生  未知,"健力宝
行业：食品饮料"
2015,1738,￥ 20 亿,New ~,戚大广、戚荣妮父女先生  62、女士  36,"朗源股份
行业：水果、蔬菜种植加工"
2015,1738,￥ 20 亿,New ~,张德华、张刚父子先生  62、先生  37,"山东华鹏
行业：玻璃制造"
2015,1738,￥ 20 亿,New ~,王海燕先生  57,"三一
行业：重型机械"
2015,1738,￥ 20 亿,New ~,易小刚先生  52,"三一
行业：重型机械"
2015,1738,￥ 20 亿,-582,刘正云家族先生  未知,"石林
行业：家居连锁、房地产"
2015,1738,￥ 20 亿,-582,莫树明先生  未知,"名冠
行业：房地产、制造"
2015,1738,￥ 20 亿,New ~,卢楚隆先生  59,"万和
行业：厨卫电器、投资"
2015,1738,￥ 20 亿,New ~,孙希民、孙宪法父子先生  67、先生  44,"民和股份
行业：畜牧"
2015,1738,￥ 20 亿,New ~,郭孟榕、劳红为夫妇先生  51、女士  未知,"海得控制
行业：工业自动化"
2015,1738,￥ 20 亿,New ~,林黎明先生  53,"正泰
行业：工业电器、投资"
2015,1738,￥ 20 亿,New ~,吴炳池先生  50,"正泰
行业：工业电器、投资"
2015,1738,￥ 20 亿,New ~,卢凤仙、蒋达伟母子女士  59、先生  34,"立霸股份
行业：工业材料"
2015,1738,￥ 20 亿,-582,李国盛先生  44,"星网宇达
行业：惯性技术"
2015,1738,￥ 20 亿,-1179,罗飞先生  51,"合生元
行业：婴儿营养品及护理用品"
2015,1738,￥ 20 亿,New ~,尚浩磊先生  未知,"新疆嘉创
行业：股权投资"
2015,1738,￥ 20 亿,New ~,林秀英先生  未知,"永信投资
行业：投资、地产、矿"
2015,1738,￥ 20 亿,New ~,于剑鸣先生  44,"新天域资本
行业：投资"
2015,1738,￥ 20 亿,New ~,黄厄文先生  未知,"视觉中国
行业：网络素材"
2015,1738,￥ 20 亿,New ~,李小龙先生  50,"二六三
行业：IT"
2015,1738,￥ 20 亿,New ~,王立伟先生  36,"昆仑万维
行业：IT"
2015,1738,￥ 20 亿,New ~,王维航先生  49,"华胜天成
行业：IT"
2015,1738,￥ 20 亿,New ~,徐志勇先生  45,"联络互动
行业：信息科技"
2015,1738,￥ 20 亿,New ~,詹立雄先生  53,"银信
行业：IT"
2015,1738,￥ 20 亿,-725,朱立南先生  53,"联想
行业：IT"
2015,1738,￥ 20 亿,New ~,岳雷先生  未知,"三胞
行业：IT连锁、房地产、投资"
2015,1738,￥ 20 亿,New ~,张涛先生  43,"大众点评
行业：生活信息服务平台"
2015,1738,￥ 20 亿,New ~,邓亲华家族先生  65,"天保重装
行业：机械制造"
2015,1738,￥ 20 亿,New ~,冯春保先生  51,"冀凯
行业：机械"
2015,1738,￥ 20 亿,New ~,黎仁超先生  51,"华西能源
行业：设备制造"
2015,1738,￥ 20 亿,New ~,荣继华先生  47,"道氏技术
行业：非金属矿物制品"
2015,1738,￥ 20 亿,New ~,孙屹峥、张菀夫妇先生  55、女士  53,"依米康
行业：设备制造"
2015,1738,￥ 20 亿,New ~,王威先生  40,"欣旺达
行业：电池、充电器"
2015,1738,￥ 20 亿,New ~,于荣强先生  43,"鲁丰环保
行业：环保材料制造"
2015,1738,￥ 20 亿,New ~,顾小丰、宋洁夫妇先生  55、女士  44,"迪瑞医疗
行业：医疗器械"
2015,1738,￥ 20 亿,New ~,俞建秋先生  50,"中国金属利用
行业：金属制品"
2015,1738,￥ 20 亿,-582,王涛先生  34,"华泽钴镍
行业：有色金属、机械制造"
2015,1738,￥ 20 亿,-582,何金碧先生  未知,"迈科
行业：有色金属贸易、投资"
2015,1738,￥ 20 亿,New ~,张旭豪先生  30,"饿了么
行业：网上订餐平台"
2015,1738,￥ 20 亿,-673,侯毅先生  46,"新纶科技
行业：有机高分子材料及制品"
2015,1738,￥ 20 亿,New ~,刘梦龙先生  60,"易尚展示
行业：品牌展示策划、设计、推广服务"
2015,1738,￥ 20 亿,New ~,贺国英先生  66,"华斯
行业：毛皮"
2015,1738,￥ 20 亿,-582,李健康先生  未知,"中油塔鑫石化
行业：石化、白酒"
2015,1738,￥ 20 亿,-582,周敬才先生  61,"金诚石化
行业：石油化工"
2015,1738,￥ 20 亿,-973,陈年代家族先生  53,"汇仁
行业：医药、投资"
2015,1738,￥ 20 亿,New ~,郭雷先生  51,"迈克生物
行业：医疗（体外诊断）"
2015,1738,￥ 20 亿,New ~,孟宪慧先生  未知,"四环医药
行业：医药"
2015,1738,￥ 20 亿,New ~,邱宇先生  47,"莱美药业
行业：医药"
2015,1738,￥ 20 亿,New ~,王登明先生  51,"迈克生物
行业：医疗（体外诊断）"
2015,1738,￥ 20 亿,New ~,王辉先生  30,"中南重工
行业：管业设备"
2015,1738,￥ 20 亿,New ~,石林先生  69,"东港股份
行业：印刷"
2015,1738,￥ 20 亿,-582,何庆华先生  54,"帝景
行业：房地产"
2015,1738,￥ 20 亿,-582,李笙安、李彦漪父女先生  58、女士  未知,"爱家控股
行业：房地产"
2015,1738,￥ 20 亿,-725,梁满林先生  59,"华南城
行业：房地产"
2015,1738,￥ 20 亿,New ~,王再兴家族先生  63,"豪德
行业：房地产"
2015,1738,￥ 20 亿,-582,谢海榆先生  未知,"利海国际
行业：新型城镇化建设"
2015,1738,￥ 20 亿,New ~,杨树坪先生  56,"城启
行业：房地产"
2015,1738,￥ 20 亿,-582,黄少良家族先生  51,"旭飞
行业：房地产、基建工程"
2015,1738,￥ 20 亿,New ~,许德来先生  50,"珠海中珠
行业：房地产、医药"
2015,1738,￥ 20 亿,New ~,张晖先生  37,"万方
行业：房地产"
2015,1738,￥ 20 亿,-582,甘连舫先生  64,"星牌
行业：房地产、台球桌"
2015,1738,￥ 20 亿,-582,任怀灿先生  未知,"诺仕达
行业：房地产、餐饮、茶叶、翡翠、殡葬"
2015,1738,￥ 20 亿,-582,王培桓先生  60,"家家悦
行业：零售连锁"
2015,1738,￥ 20 亿,New ~,杨祥波先生  未知,"岁宝百货
行业：百货、酒店"
2015,1738,￥ 20 亿,-582,陈立仁先生  未知,"仁和
行业：百货零售、房地产"
2015,1738,￥ 20 亿,-582,杨建忠、姚香夫妇先生  50、女士  未知,"巨力
行业：索具、新能源"
2015,1738,￥ 20 亿,New ~,王金洪先生  52,"广联达
行业：软件"
2015,1738,￥ 20 亿,New ~,于浩淼先生  44,"同花顺
行业：软件"
2015,1738,￥ 20 亿,-582,黄鸣先生  57,"皇明
行业：太阳能产品"
2015,1738,￥ 20 亿,New ~,郭军先生  未知,"辰祥投资
行业：太阳能设备"
2015,1738,￥ 20 亿,New ~,姚明芳先生  50,"明芳钢铁
行业：钢铁"
2015,1738,￥ 20 亿,-582,张广富先生  60,"广富
行业：钢铁"
2015,1738,￥ 20 亿,-582,胡近泰先生  未知,"嘉荣超市
行业：超市连锁"
2015,1738,￥ 20 亿,-582,李伟杰先生  未知,"渔阳
行业：出租车、房地产"
2015,1738,￥ 20 亿,New ~,张国桉先生  45,"通源石油
行业：石油开采技术服务"
2015,1738,￥ 20 亿,New ~,胡亚军先生  54,"东软载波
行业：计算机技术服务"
2015,1738,￥ 20 亿,New ~,王锐先生  55,"东软载波
行业：计算机技术服务"
2015,1738,￥ 20 亿,New ~,陆尔穗先生  46,"江苏三友
行业：服装纺织"
2015,1738,￥ 20 亿,New ~,程志山先生  未知,"华锐
行业：风力发电设备"
2015,1738,￥ 20 亿,-582,虞文品家族先生  45,"兴乐
行业：电线、电缆"
2015,1738,￥ 20 亿,New ~,包凡先生  44,"华兴资本
行业：金融服务"